id,symbol,datetime,open_price,high_price,low_price,close_price,volume,rsi_5,rsi_7,rsi_10,rsi_14,rsi_21,dif,macd,macd_histogram,rsv,k_value,d_value,j_value,ma5,ma10,ma20,ma60,ema12,ema26,bb_upper,bb_middle,bb_lower,atr,cci,willr,mom,created_at,updated_at,pattern_signals,MA_Cross,BB_Signal,MACD_Cross,Trend,MACD_Div,Anomaly,RSI_Signal,KD_Signal,SR_Signal,Volume_Anomaly,EMA_Cross,CCI_Signal,WILLR_Signal,MOM_Signal,Buy_Signals,Sell_Signals,Trade_Signal,Signal_Strength
485,9950,2024-06-25,16.4,16.4,16.0,16.15,296000,,,,,,,,,,,,,,,,,,,,,,,,,,2025-06-25 22:29:13.660000,2025-07-03 14:55:20.840000,,,,,偏空,,,,,,,,,,,0.0,0.5,,
486,9950,2024-06-26,16.15,16.3,16.1,16.1,158000,,,,,,,,,,,,,,,,,,,,,,,,,,2025-06-25 22:29:13.660000,2025-07-03 14:55:20.843333,,,,,偏空,,,,,,,,,,,0.0,0.5,,
487,9950,2024-06-27,16.15,16.2,16.0,16.05,209000,,,,,,,,,,,,,,,,,,,,,,,,,,2025-06-25 22:29:13.660000,2025-07-03 14:55:20.846666,,,,,偏空,,,,,,,,,,,0.0,0.5,,
488,9950,2024-06-28,16.05,16.2,16.0,16.1,138000,,,,,,,,,,,,,,,,,,,,,,,,,,2025-06-25 22:29:13.663333,2025-07-03 14:55:20.850000,,,,,偏空,,,,,,,,,,,0.0,0.5,,
489,9950,2024-07-01,16.15,16.7,16.15,16.6,269000,,,,,,,,,,,,,16.2,,,,,,,,,,,,,2025-06-25 22:29:13.663333,2025-07-03 14:55:20.860000,,,,,偏空,,,,,,,,,,,0.0,0.5,,
490,9950,2024-07-02,16.7,17.0,16.7,16.9,466000,89.4737,,,,,,,,,,,,16.35,,,,,,,,,,,,,2025-06-25 22:29:13.666666,2025-07-03 14:55:20.866666,,,,,偏空,,,,,,量能異常,,,,,0.7,0.5,,
491,9950,2024-07-03,17.05,17.05,16.6,16.7,155000,70.8333,,,,,,,,,,,,16.47,,,,,,,,,,,,,2025-06-25 22:29:13.666666,2025-07-03 14:55:20.870000,空頭吞沒,,,,偏空,,,,,,,,,,,0.0,0.5,,
492,9950,2024-07-04,16.75,16.75,16.35,16.4,236000,50.9363,58.6207,,,,,,,,,,,16.54,,,,,,,,,,,,,2025-06-25 22:29:13.666666,2025-07-03 14:55:20.876666,,,,,偏空,,,,,,,,,,,0.0,0.5,,
493,9950,2024-07-05,16.4,16.45,16.2,16.4,157000,50.9363,58.6207,,,,,,,38.0952,38.0952,38.0952,38.0952,16.6,,,,,,,,,,,,,2025-06-25 22:29:13.670000,2025-07-03 14:55:20.933333,,,,,偏空,,,,,,,,,,,0.0,0.5,,
494,9950,2024-07-08,16.45,16.8,16.45,16.65,220000,64.0758,66.4856,,,,,,,61.9048,46.0317,40.7407,56.6138,16.61,16.405,,,,,,,,,,,,2025-06-25 22:29:13.670000,2025-07-03 14:55:20.946666,,,,,偏空,,,,K上穿D,,,,,,,1.0,0.5,,
495,9950,2024-07-09,16.65,16.65,16.1,16.25,218000,41.7267,49.0743,52.381,,,,,,23.8095,38.6243,40.0353,35.8025,16.48,16.415,,,,,,,,,,,0.1,2025-06-25 22:29:13.670000,2025-07-03 14:55:20.953333,"捉腰帶線,空頭吞沒",,,,偏空,,,,K下穿D,,,,,,,0.0,1.5,,
496,9950,2024-07-10,16.25,16.4,16.2,16.3,108000,44.7383,50.9476,53.6082,,,,,,28.5714,35.2734,38.448,28.9242,16.4,16.435,,,16.3833,,,,,,,,0.2,2025-06-25 22:29:13.673333,2025-07-03 14:55:20.963333,孕線,,,,偏空,,,,,,,,,,,0.0,0.5,,
497,9950,2024-07-11,16.45,16.45,16.2,16.25,130000,42.0235,48.8511,52.1158,,,,,,15.7895,28.7787,35.2249,15.8864,16.37,16.455,,,16.3628,,,,,,,,0.2,2025-06-25 22:29:13.673333,2025-07-03 14:55:20.966666,"空頭吞沒,短蠟燭",,,,偏空,,,,,,,,,,,0.0,0.5,,
498,9950,2024-07-12,16.25,16.6,16.2,16.4,220000,52.7709,55.2905,56.1821,,,,,,31.5789,29.7121,33.3873,22.3618,16.37,16.485,,,16.3685,,,,,,2.9536,,0.3,2025-06-25 22:29:13.673333,2025-07-03 14:55:20.970000,,,,,偏空,,,,,,,,,,,0.0,0.5,,
499,9950,2024-07-15,16.5,16.5,16.2,16.25,61000,42.8433,48.2096,51.3381,52.0,,,,,15.7895,25.0713,30.6153,13.9832,16.29,16.45,,,16.3503,,,,,0.3429,-31.2874,,-0.35,2025-06-25 22:29:13.673333,2025-07-03 14:55:20.976666,"捉腰帶線,空頭吞沒,長蠟燭",,,,偏空,,,,,,,,CCI下穿零軸,,動量轉負,0.0,2.0,,
500,9950,2024-07-16,16.25,16.25,16.05,16.2,135000,39.7291,45.9224,49.7495,50.9036,,,,,20.0,23.3808,28.2038,13.7349,16.28,16.38,,,16.3272,,,,,0.3327,-86.8115,,-0.7,2025-06-25 22:29:13.676666,2025-07-03 14:55:20.980000,錘頭,,,,偏空,,,,,,,,,,,0.0,0.5,,
501,9950,2024-07-17,16.2,16.35,16.15,16.35,91000,52.6389,53.6231,54.4481,54.0347,,,,,40.0,28.9206,28.4427,29.8762,16.29,16.345,,,16.3307,,,,,0.3232,-51.8519,,-0.35,2025-06-25 22:29:13.676666,2025-07-03 14:55:20.980000,"多頭吞沒,短蠟燭",,,,偏空,,,,K上穿D,,,,,,,1.0,0.5,,
502,9950,2024-07-18,16.35,16.35,16.1,16.15,89000,38.7908,43.8989,47.8234,49.5017,,,,,13.3333,23.7248,26.8701,17.4343,16.27,16.32,,,16.3029,,,,,0.318,-90.0585,,-0.25,2025-06-25 22:29:13.680000,2025-07-03 14:55:20.980000,"捉腰帶線,空頭吞沒,長蠟燭",,,,偏空,,,,K下穿D,,,,,,,0.0,1.5,,
503,9950,2024-07-19,16.15,16.2,15.85,15.9,246000,27.4906,34.7176,40.9101,44.4787,,,,,6.25,17.8999,23.88,5.9396,16.17,16.27,,,16.2409,,,,,0.3202,-150.8103,,-0.5,2025-06-25 22:29:13.680000,2025-07-03 14:55:20.980000,長蠟燭,,,,偏空,,,,,,,,CCI超賣,,,0.9,0.5,,
504,9950,2024-07-22,15.7,15.8,15.5,15.7,230000,21.2889,29.0474,36.2519,40.9029,,,,,18.1818,17.9939,21.918,10.1456,16.06,16.175,16.29,,16.1577,,16.8355,16.29,15.7445,0.3259,-245.0575,-87.0968,-0.95,2025-06-25 22:29:13.680000,2025-07-03 14:55:20.986666,"十字,十字星,風高浪大線,長腿十字,黃包車夫,紡錘線",,突破下軌,,偏空,,,,,接近支撐位,,,CCI超賣,WILLR超賣,,2.7,0.5,,
505,9950,2024-07-23,15.85,16.15,15.8,15.95,112000,41.8028,42.696,44.9567,46.6739,,,,,40.9091,25.6323,23.1561,30.5847,16.01,16.145,16.28,,16.1257,,16.8425,16.28,15.7175,0.3348,-104.7066,-70.9677,-0.3,2025-06-25 22:29:13.680000,2025-07-03 14:55:20.990000,,,,,偏空,,,,K上穿D,接近支撐位,,,CCI超賣,,,1.9,0.5,,
506,9950,2024-07-26,15.8,15.8,15.2,15.55,160000,27.4793,31.4155,36.175,39.9515,42.5,,,,25.0,25.4215,23.9112,28.4421,15.85,16.07,16.2525,,16.0372,,16.8955,16.2525,15.6095,0.3645,-195.8365,-81.0811,-0.75,2025-06-25 22:29:13.683333,2025-07-03 14:55:20.996666,捉腰帶線,,突破下軌,,偏空,,,,,接近支撐位,,,CCI超賣,WILLR超賣,,2.7,0.5,,
507,9950,2024-07-29,15.6,15.6,15.3,15.4,87000,23.6765,28.1604,33.4523,37.7554,40.89,,,,15.3846,22.0759,23.2994,19.6288,15.7,15.985,16.22,,15.9391,,16.9592,16.22,15.4808,0.3599,-159.6937,-89.1892,-0.85,2025-06-25 22:29:13.683333,2025-07-03 14:55:20.996666,捉腰帶線,,突破下軌,,偏空,,,,K下穿D,接近支撐位,,,CCI超賣,WILLR超賣,,2.7,1.5,,
508,9950,2024-07-30,15.3,15.3,15.15,15.3,97000,21.2284,26.0603,31.6858,36.322,39.8336,,,,12.5,18.8839,21.8276,12.9966,15.58,15.875,16.18,,15.8408,,17.0205,16.18,15.3395,0.352,-158.4577,-92.1053,-1.1,2025-06-25 22:29:13.683333,2025-07-03 14:55:21.000000,"十字,十字星,蜻蜓十字,錘頭,Hikkake 陷阱,長腿十字,探水竿",,突破下軌,,偏空,,,,,接近支撐位,,,CCI超賣,WILLR超賣,,2.7,0.5,,
509,9950,2024-07-31,15.3,15.5,15.3,15.3,94000,21.2284,26.0603,31.6858,36.322,39.8336,,,,12.5,16.7559,20.137,9.9937,15.5,15.78,16.115,,15.7576,,17.0145,16.115,15.2155,0.3411,-108.4904,-92.1053,-0.95,2025-06-25 22:29:13.686666,2025-07-03 14:55:21.003333,"十字,缺口上漲,墓碑十字,長腿十字",,,,偏空,,,,,接近支撐位,,,CCI超賣,WILLR超賣,,1.7000000000000002,0.5,,
510,9950,2024-08-01,15.3,15.6,15.3,15.55,96000,43.8909,41.0262,41.2596,42.6365,43.8329,,,,33.3333,22.2817,20.8519,25.1413,15.42,15.715,16.0475,,15.7257,16.1096,16.9028,16.0475,15.1922,0.3382,-72.2274,-78.9474,-0.65,2025-06-25 22:29:13.686666,2025-07-03 14:55:21.010000,"捉腰帶線,長蠟燭",,,,偏空,,,,K上穿D,,,,,,,1.0,0.5,,
511,9950,2024-08-02,15.5,15.6,15.35,15.35,58000,34.0848,34.5073,36.6892,39.2807,41.5149,,,,19.0476,21.2037,20.9692,21.6727,15.38,15.615,15.98,,15.6679,16.0533,16.8317,15.98,15.1283,0.3319,-69.6774,-87.8788,-1.0,2025-06-25 22:29:13.690000,2025-07-03 14:55:21.010000,光腳,,,,偏空,,,,,接近支撐位,,,,WILLR超賣,,0.8,0.5,,
512,9950,2024-08-05,15.0,15.0,13.85,13.9,304000,11.2686,14.7216,19.3882,24.3294,29.5993,,,,2.1739,14.8604,18.9329,6.7154,15.08,15.39,15.855,,15.3959,15.8938,17.0768,15.855,14.6332,0.4153,-225.831,-98.3051,-2.25,2025-06-25 22:29:13.690000,2025-07-03 14:55:21.013333,"捉腰帶線,長蠟燭",,突破下軌,,偏空,,Anomaly,超賣,KD超賣,接近支撐位,量能異常,,CCI超賣,WILLR超賣,,5.6000000000000005,0.5,強烈買入,多頭5.6分
513,9950,2024-08-06,13.85,14.3,13.5,14.15,199000,22.4556,23.5401,26.067,29.3243,33.0766,,,,24.5283,18.0831,18.6496,16.9499,14.85,15.215,15.7425,,15.2042,15.7647,17.144,15.7425,14.341,0.4428,-214.8523,-80.303,-1.75,2025-06-25 22:29:13.690000,2025-07-03 14:55:21.013333,,,突破下軌,,偏空,,,超賣,KD超賣,接近支撐位,,,CCI超賣,WILLR超賣,,4.9,0.5,強烈買入,多頭4.9分
514,9950,2024-08-07,14.15,14.7,14.15,14.45,70000,34.7882,33.2094,33.4218,34.8793,36.9977,,,,41.3043,25.8235,21.0409,35.3886,14.68,15.09,15.6325,,15.0882,15.6673,17.0765,15.6325,14.1885,0.4505,-122.3511,-69.8413,-1.25,2025-06-25 22:29:13.690000,2025-07-03 14:55:21.016666,捉腰帶線,,,,偏空,,,接近超賣,K上穿D,接近支撐位,,,CCI超賣,,,2.3,0.5,,
515,9950,2024-08-08,14.6,14.6,14.15,14.3,62000,31.6429,30.9279,31.6715,33.4631,35.8936,,,,38.0952,29.9141,23.9986,41.7449,14.43,14.925,15.535,,14.9669,15.566,17.0602,15.535,14.0098,0.4504,-105.2897,-74.1935,-1.65,2025-06-25 22:29:13.693333,2025-07-03 14:55:21.020000,捉腰帶線,,,,偏空,,,接近超賣,,,,,CCI超賣,,,1.3,0.5,,
516,9950,2024-08-09,14.5,14.8,14.4,14.6,115000,44.2453,40.4707,38.7947,38.814,39.6741,,,,52.381,37.403,28.4668,55.2756,14.28,14.83,15.45,,14.9105,15.4944,16.9846,15.45,13.9154,0.454,-61.0267,-64.5161,-0.95,2025-06-25 22:29:13.693333,2025-07-03 14:55:21.020000,孕線,,,,偏空,,,,,,,,,,,0.0,0.5,,
517,9950,2024-08-12,14.7,14.7,14.4,14.6,81000,44.2453,40.4707,38.7947,38.814,39.6741,,,,52.381,42.3957,33.1097,60.9675,14.42,14.75,15.3675,,14.8627,15.4282,16.8986,15.3675,13.8364,0.443,-53.792,-64.5161,-0.8,2025-06-25 22:29:13.693333,2025-07-03 14:55:21.023333,,,,,偏空,,,,,,,,,,,0.0,0.5,,
518,9950,2024-08-13,14.45,14.5,14.25,14.35,101000,35.6802,34.9879,35.0369,36.0148,37.635,-0.545,-0.4827,-0.0623,40.4762,41.7558,35.9918,53.284,14.46,14.655,15.265,,14.7838,15.3483,16.7803,15.265,13.7497,0.4363,-66.3854,-71.6667,-0.95,2025-06-25 22:29:13.696666,2025-07-03 14:55:21.030000,,,,,偏空,,,,,,,,,,,0.0,0.5,,
519,9950,2024-08-14,14.45,15.0,14.3,14.7,199000,51.956,46.7671,43.5436,42.2898,42.0159,-0.5128,-0.4887,-0.0241,57.1429,46.8848,39.6228,61.4089,14.51,14.595,15.1875,,14.7709,15.3003,16.651,15.1875,13.724,0.4552,-22.7408,-57.8947,-0.6,2025-06-25 22:29:13.696666,2025-07-03 14:55:21.033333,,,,,偏空,,,,,,量能異常,,,,,0.7,0.5,,
520,9950,2024-08-15,14.8,14.95,14.55,14.6,55000,47.6497,44.1035,41.8057,41.0511,41.1487,-0.4898,-0.4889,-0.0009,73.3333,55.701,44.9822,77.1386,14.57,14.5,15.1075,,14.7446,15.2484,16.5147,15.1075,13.7003,0.4512,-11.7253,-61.4035,-0.95,2025-06-25 22:29:13.696666,2025-07-03 14:55:21.036666,,,,,偏空,,,,,,,,,,,0.0,0.5,,
521,9950,2024-08-16,14.85,14.85,14.7,14.75,72000,54.691,49.1698,45.4353,43.7144,43.0015,-0.4542,-0.482,0.0278,83.3333,64.9118,51.6254,91.4846,14.6,14.44,15.0275,,14.7455,15.2115,16.3204,15.0275,13.7346,0.4369,6.496,-56.1404,-0.6,2025-06-25 22:29:13.700000,2025-07-03 14:55:21.036666,短蠟燭,,,黃金交叉,偏空,,,,,,,,CCI上穿零軸,,,2.3,0.5,,
522,9950,2024-08-19,14.85,14.85,14.55,14.55,39000,44.6759,43.0939,41.5922,41.0513,41.1862,-0.4371,-0.473,0.0359,47.0588,58.9608,54.0705,68.7413,14.59,14.505,14.9475,,14.7154,15.1625,16.1473,14.9475,13.7477,0.4271,-7.4379,-61.1111,0.65,2025-06-25 22:29:13.700000,2025-07-03 14:55:21.040000,"捉腰帶線,光腳,長蠟燭,下跌光頭光腳",,,,偏空,,,,,,,,CCI下穿零軸,,動量轉正,0.6,1.4,,
523,9950,2024-08-20,14.6,14.65,14.55,14.6,81000,47.6705,45.0735,42.933,42.0025,41.8308,-0.4147,-0.4614,0.0466,52.9412,56.9543,55.0318,60.7992,14.64,14.55,14.8825,,14.6976,15.1208,16.0073,14.8825,13.7577,0.4037,-7.8652,-58.4906,0.45,2025-06-25 22:29:13.700000,2025-07-03 14:55:21.043333,"十字,孕線,十字孕線,風高浪大線,長腿十字,黃包車夫,短蠟燭,紡錘線",,,,偏空,,,,,,,,,,,0.0,0.5,,
524,9950,2024-08-21,14.5,14.75,14.5,14.55,84000,44.6495,43.3156,41.8651,41.285,41.3549,-0.3965,-0.4484,0.0519,40.0,51.3028,53.7888,46.3309,14.61,14.56,14.825,,14.6749,15.0786,15.8929,14.825,13.7571,0.3927,9.8645,-60.3774,0.1,2025-06-25 22:29:13.700000,2025-07-03 14:55:21.043333,倒錘頭,,,,偏空,,,,K下穿D,,,,CCI上穿零軸,,,0.9,1.5,,
525,9950,2024-08-22,14.6,14.7,14.55,14.6,58000,48.7123,45.7826,43.4285,42.3456,42.0472,-0.3736,-0.4334,0.0598,46.6667,49.7574,52.445,44.3823,14.61,14.59,14.7575,,14.6634,15.0431,15.6952,14.7575,13.8198,0.3754,42.2516,-52.1739,0.3,2025-06-25 22:29:13.703333,2025-07-03 14:55:21.046666,"十字,風高浪大線,長腿十字,黃包車夫,紡錘線",,,,偏空,,,,,,,,,,,0.0,0.5,,
526,9950,2024-08-23,14.6,14.6,14.4,14.6,54000,48.7123,45.7826,43.4285,42.3456,42.0472,-0.3515,-0.417,0.0655,46.6667,48.7272,51.2057,43.7701,14.58,14.59,14.71,,14.6536,15.0103,15.5758,14.71,13.8442,0.3629,1.1218,-47.619,0.0,2025-06-25 22:29:13.703333,2025-07-03 14:55:21.050000,"十字,蜻蜓十字,缺口上漲,Hikkake 陷阱,長腿十字,探水竿",,,,偏空,,,,,,,,,,,0.0,0.5,,
527,9950,2024-08-26,14.55,14.75,14.55,14.55,67000,43.7003,43.2222,42.033,41.4767,41.507,-0.3341,-0.4005,0.0663,35.7143,44.3896,48.9337,35.3013,14.58,14.585,14.6675,,14.6377,14.9762,15.4751,14.6675,13.8599,0.3512,29.9371,-50.0,-0.05,2025-06-25 22:29:13.703333,2025-07-03 14:55:21.050000,"十字,墓碑十字,倒錘頭,長腿十字",,,,偏空,,,,,,,,,,動量轉負,0.0,1.1,,
528,9950,2024-08-27,14.75,14.85,14.65,14.7,42000,59.3748,52.5166,47.6413,45.1152,43.7821,-0.3048,-0.3813,0.0766,54.5455,47.7749,48.5474,46.2298,14.6,14.62,14.6375,,14.6473,14.9557,15.3917,14.6375,13.8833,0.3476,110.3734,-42.8571,0.35,2025-06-25 22:29:13.706666,2025-07-03 14:55:21.053333,,,,,偏多,,,,,,,,CCI超買,,動量轉正,1.1,0.9,,
529,9950,2024-08-28,14.9,14.9,14.65,14.65,46000,53.203,49.3735,45.9932,44.1303,43.1941,-0.2823,-0.3615,0.0792,50.0,48.5166,48.5371,48.4755,14.62,14.615,14.605,,14.6477,14.9331,15.2956,14.605,13.9144,0.3406,101.1111,-45.2381,-0.05,2025-06-25 22:29:13.706666,2025-07-03 14:55:21.053333,"捉腰帶線,光腳,長蠟燭,下跌光頭光腳",突破MA20,,,偏多,,,,,,,,CCI超買,,動量轉負,2.0,1.5,,
530,9950,2024-08-29,14.7,14.7,14.6,14.65,45000,53.203,49.3735,45.9932,44.1303,43.1941,-0.2614,-0.3415,0.0801,50.0,49.011,48.6951,49.6429,14.63,14.62,14.56,,14.6481,14.9121,15.0991,14.56,14.0209,0.3234,20.0,-45.2381,0.05,2025-06-25 22:29:13.706666,2025-07-03 14:55:21.056666,"錘頭,孕線,匹配低點,短蠟燭",,,,偏多,,,,K上穿D,,,,,,動量轉正,2.1,0.0,,
531,9950,2024-08-30,14.7,14.7,14.6,14.65,77000,53.203,49.3735,45.9932,44.1303,43.1941,-0.2421,-0.3216,0.0795,50.0,49.3407,48.9103,50.2015,14.64,14.61,14.525,,14.6484,14.8927,14.9281,14.525,14.1219,0.3075,15.2429,-23.3333,-0.1,2025-06-25 22:29:13.710000,2025-07-03 14:55:21.060000,"匹配低點,短蠟燭",,,,偏多,,,,,接近壓力位,,,,,動量轉負,0.5,0.6,,
532,9950,2024-09-02,14.7,14.7,14.55,14.55,51000,37.8389,41.4875,42.0065,41.8482,41.8914,-0.2322,-0.3037,0.0715,30.0,42.8938,46.9048,34.8718,14.64,14.61,14.5575,,14.6332,14.8673,14.8408,14.5575,14.2742,0.2962,-69.4348,-30.0,0.0,2025-06-25 22:29:13.710000,2025-07-03 14:55:21.063333,"捉腰帶線,光腳,長蠟燭,下跌光頭光腳",,,,偏空,,,,K下穿D,接近支撐位,,,CCI下穿零軸,,,0.0,2.4,,
533,9950,2024-09-03,14.7,14.75,14.45,14.55,61000,37.8389,41.4875,42.0065,41.8482,41.8914,-0.2218,-0.2874,0.0656,30.0,38.5959,44.1352,27.5173,14.61,14.605,14.5775,,14.6204,14.8438,14.7907,14.5775,14.3643,0.2965,-78.7879,-52.9412,-0.05,2025-06-25 22:29:13.710000,2025-07-03 14:55:21.066666,匹配低點,,,,偏空,,,,,接近支撐位,,,,,動量轉負,0.0,1.1,,
534,9950,2024-09-04,13.5,14.25,13.5,13.95,127000,10.2065,18.0037,25.5812,30.7743,34.9243,-0.259,-0.2817,0.0227,32.1429,36.4449,41.5717,26.1911,14.47,14.545,14.5525,,14.5173,14.7776,14.8967,14.5525,14.2083,0.3503,-429.5117,-70.0,-0.6,2025-06-25 22:29:13.710000,2025-07-03 14:55:21.070000,捉腰帶線,跌破MA20,突破下軌,,偏空,底背離,,接近超賣,,接近支撐位,量能異常,,CCI超賣,,,5.0,2.0,強烈買入,多頭5.0分
535,9950,2024-09-05,14.0,14.45,13.95,14.05,69000,22.0636,26.1338,30.6061,33.9132,36.7648,-0.2772,-0.2808,0.0036,39.2857,37.3918,40.1784,31.8186,14.35,14.49,14.54,,14.4454,14.7237,14.9345,14.54,14.1455,0.361,-175.3311,-63.3333,-0.55,2025-06-25 22:29:13.713333,2025-07-03 14:55:21.070000,,,突破下軌,,偏空,,,接近超賣,,接近支撐位,,,CCI超賣,,,2.3,0.5,,
536,9950,2024-09-06,14.4,14.4,14.1,14.35,30000,47.875,45.1636,43.3552,42.3573,41.9374,-0.2643,-0.2775,0.0131,60.7143,45.166,41.8409,51.816,14.29,14.465,14.5275,,14.4307,14.696,14.9293,14.5275,14.1257,0.3602,-89.6911,-43.3333,-0.25,2025-06-25 22:29:13.713333,2025-07-03 14:55:21.073333,,,,,偏空,,,,K上穿D,接近支撐位,,,,,,1.0,0.5,,
537,9950,2024-09-09,13.95,14.4,13.95,14.15,115000,37.52,37.6246,38.1618,38.7982,39.6661,-0.2672,-0.2754,0.0082,46.4286,45.5868,43.0896,50.5814,14.21,14.425,14.505,,14.3875,14.6556,14.9373,14.505,14.0727,0.3666,-103.2346,-56.6667,-0.4,2025-06-25 22:29:13.716666,2025-07-03 14:55:21.076666,捉腰帶線,,,,偏空,,,,,接近支撐位,量能異常,,CCI超賣,,,1.6,0.5,,
538,9950,2024-09-10,14.15,15.3,13.95,14.45,175000,55.5476,51.7264,48.4529,46.1126,44.4082,-0.2425,-0.2689,0.0263,52.7778,47.9838,44.721,54.5095,14.19,14.4,14.51,,14.3971,14.6403,14.9373,14.51,14.0827,0.4369,26.6556,-47.2222,-0.25,2025-06-25 22:29:13.716666,2025-07-03 14:55:21.080000,,,,,偏空,,,,,,量能異常,,CCI上穿零軸,,,1.6,0.5,,
539,9950,2024-09-11,14.15,15.3,14.15,14.95,343000,72.2366,66.4673,60.5966,55.6303,51.1299,-0.1805,-0.2512,0.0707,80.5556,58.8411,49.4277,77.6678,14.39,14.43,14.5225,,14.4822,14.6633,14.9845,14.5225,14.0605,0.4878,94.6752,-19.4444,0.3,2025-06-25 22:29:13.716666,2025-07-03 14:55:21.080000,捉腰帶線,,,,偏多,,,,,接近壓力位,量能異常,,,WILLR超買,動量轉正,1.7999999999999998,0.8,,
540,9950,2024-09-12,14.8,15.0,14.75,14.85,97000,66.0383,62.0464,57.582,53.5916,49.8638,-0.1378,-0.2285,0.0907,75.0,64.2274,54.3609,83.9603,14.55,14.45,14.535,,14.5388,14.6771,15.0178,14.535,14.0522,0.4708,101.6016,-25.0,0.2,2025-06-25 22:29:13.720000,2025-07-03 14:55:21.083333,"十字,墓碑十字,孕線,十字孕線,長腿十字,黃包車夫,紡錘線",突破MA20,,,偏多,,,,,接近壓力位,,,CCI超買,,,2.0,0.9,,
541,9950,2024-09-13,15.0,15.0,14.7,14.7,70000,56.8862,55.5774,53.1733,50.5963,47.992,-0.1148,-0.2058,0.091,66.6667,65.0405,57.9208,79.2799,14.62,14.455,14.5325,,14.5636,14.6788,15.0113,14.5325,14.0537,0.4586,75.6298,-33.3333,0.05,2025-06-25 22:29:13.720000,2025-07-03 14:55:21.086666,"捉腰帶線,光腳,空頭吞沒,長蠟燭,下跌光頭光腳",,,,偏多,,,,,,,,,,,0.5,0.0,,
542,9950,2024-09-16,14.7,14.8,14.6,14.6,38000,50.9966,51.4086,50.3195,48.6444,46.7633,-0.1034,-0.1853,0.0819,61.1111,63.7307,59.8574,71.4772,14.71,14.46,14.535,,14.5692,14.673,15.0147,14.535,14.0553,0.4401,39.4608,-38.8889,0.05,2025-06-25 22:29:13.720000,2025-07-03 14:55:21.090000,"三外部下跌,短蠟燭",,,,偏多,,,,,,,,,,,0.5,0.0,,
543,9950,2024-09-18,14.6,14.65,14.4,14.4,62000,40.511,43.7512,44.9575,44.9124,44.3772,-0.1093,-0.1701,0.0608,33.3333,53.5982,57.771,45.2527,14.7,14.445,14.525,,14.5432,14.6528,15.0072,14.525,14.0428,0.4266,-8.4592,-50.0,-0.15,2025-06-25 22:29:13.723333,2025-07-03 14:55:21.093333,"三胞胎烏鴉,短蠟燭",,,,偏空,,,,K下穿D,,,,CCI下穿零軸,,動量轉負,0.0,3.0,賣出,空頭3.0分
544,9950,2024-09-19,14.5,14.55,14.4,14.55,62000,50.125,50.237,49.4466,48.1268,46.5259,-0.1007,-0.1562,0.0555,44.4444,50.547,55.363,40.9149,14.62,14.505,14.525,15.2133,14.5442,14.6451,15.0072,14.525,14.0428,0.4068,-0.3646,-41.6667,0.6,2025-06-25 22:29:13.723333,2025-07-03 14:55:21.103333,"十字,蜻蜓十字,錘頭,長腿十字,短蠟燭",,,,偏多,,,,,,,,,,動量轉正,1.1,0.0,,
545,9950,2024-09-20,14.5,14.55,14.4,14.5,83000,46.9627,48.081,47.9968,47.1394,45.9052,-0.0968,-0.1443,0.0476,40.7407,47.2782,52.6681,36.4985,14.55,14.55,14.52,15.1858,14.5374,14.6344,15.001,14.52,14.039,0.3885,-1.8909,-44.4444,0.45,2025-06-25 22:29:13.723333,2025-07-03 14:55:21.106666,"十字,風高浪大線,長腿十字,黃包車夫,短蠟燭,紡錘線",,,,偏空,,,,,,,,,,,0.0,0.5,,
546,9950,2024-09-23,14.45,14.6,14.45,14.5,73000,46.9627,48.081,47.9968,47.1394,45.9052,-0.0926,-0.134,0.0414,40.7407,45.0991,50.1451,35.0071,14.51,14.565,14.515,15.1592,14.5317,14.6244,14.9947,14.515,14.0353,0.3714,10.8527,-44.4444,0.15,2025-06-25 22:29:13.726666,2025-07-03 14:55:21.106666,短蠟燭,跌破MA20,,,偏空,,,,,,,,CCI上穿零軸,,,0.9,2.0,,
547,9950,2024-09-24,14.5,14.5,14.4,14.45,27000,42.7487,45.4274,46.3201,46.0438,45.2399,-0.0923,-0.1256,0.0334,26.087,38.7617,46.3506,23.5839,14.48,14.595,14.51,15.1325,14.5191,14.6115,14.9902,14.51,14.0298,0.352,-7.83,-47.2222,0.3,2025-06-25 22:29:13.726666,2025-07-03 14:55:21.110000,短蠟燭,,,,偏空,,,,,,,,CCI下穿零軸,,,0.0,1.4,,
548,9950,2024-09-25,14.5,14.5,14.3,14.45,57000,42.7487,45.4274,46.3201,46.0438,45.2399,-0.091,-0.1187,0.0277,21.4286,32.984,41.8951,15.1618,14.49,14.595,14.4975,15.105,14.5085,14.5996,14.9702,14.4975,14.0248,0.3412,-38.0854,-47.2222,0.0,2025-06-25 22:29:13.730000,2025-07-03 14:55:21.110000,匹配低點,,,,偏空,,,,,,,,,,,0.0,0.5,,
549,9950,2024-09-26,14.35,14.45,14.3,14.4,118000,37.4921,42.2533,44.405,44.8353,44.5283,-0.0929,-0.1135,0.0207,14.2857,26.7512,36.8471,6.5594,14.46,14.54,14.485,15.0683,14.4918,14.5848,14.9541,14.485,14.0159,0.3275,-63.2325,-50.0,-0.55,2025-06-25 22:29:13.730000,2025-07-03 14:55:21.110000,短蠟燭,,,,偏空,,,,,,,,,,動量轉負,0.0,1.1,,
550,9950,2024-09-27,14.4,14.4,14.3,14.4,115000,37.4921,42.2533,44.405,44.8353,44.5283,-0.0933,-0.1095,0.0162,20.0,24.5008,32.7317,8.0391,14.44,14.495,14.4725,15.0267,14.4777,14.5711,14.9367,14.4725,14.0083,0.3113,-75.2688,-50.0,-0.45,2025-06-25 22:29:13.730000,2025-07-03 14:55:21.113333,"十字,蜻蜓十字,長腿十字,探水竿",,,,偏空,,,,,,,,,,,0.0,0.5,,
551,9950,2024-09-30,14.45,14.45,14.3,14.35,114000,31.4496,38.5839,42.2485,43.5109,43.7694,-0.0966,-0.1069,0.0103,14.2857,21.0958,28.8531,5.5812,14.41,14.46,14.4575,14.9875,14.458,14.5547,14.9171,14.4575,13.9979,0.2998,-87.7888,-52.7778,-0.35,2025-06-25 22:29:13.730000,2025-07-03 14:55:21.113333,"捉腰帶線,空頭吞沒",,,,偏空,底背離,,,,,,,,,,2.0,0.5,,
552,9950,2024-10-01,14.35,14.35,14.2,14.25,63000,22.4173,32.0829,38.1332,40.908,42.2568,-0.1061,-0.1067,0.0007,12.5,18.2305,25.3122,4.0671,14.37,14.425,14.4425,14.9517,14.426,14.5321,14.9086,14.4425,13.9764,0.2891,-117.7469,-58.3333,-0.35,2025-06-25 22:29:13.733333,2025-07-03 14:55:21.113333,"三外部下跌,捉腰帶線",,,,偏空,底背離,,,,接近支撐位,,,CCI超賣,,,2.9,0.5,,
553,9950,2024-10-04,14.25,14.25,14.0,14.2,105000,19.0057,29.2117,36.1755,39.6315,41.5038,-0.1162,-0.1086,-0.0076,33.3333,23.2648,24.6297,20.5349,14.32,14.405,14.425,14.915,14.3912,14.5075,14.8999,14.425,13.9501,0.2863,-160.5797,-61.1111,-0.2,2025-06-25 22:29:13.733333,2025-07-03 14:55:21.116666,錘頭,,,死亡交叉,偏空,,,,,接近支撐位,,,CCI超賣,,,0.9,1.9,,
554,9950,2024-10-07,14.3,14.35,14.15,14.2,117000,19.0057,29.2117,36.1755,39.6315,41.5038,-0.1229,-0.1115,-0.0114,33.3333,26.621,25.2935,29.276,14.28,14.37,14.4375,14.8742,14.3618,14.4848,14.8732,14.4375,14.0018,0.2801,-109.3851,-81.4815,-0.35,2025-06-25 22:29:13.733333,2025-07-03 14:55:21.116666,"長蠟燭,匹配低點",,,,偏空,,,,K上穿D,接近支撐位,,,CCI超賣,WILLR超賣,,2.7,0.5,,
555,9950,2024-10-08,14.4,14.4,14.0,14.15,108000,15.3546,26.0399,34.0194,38.2473,40.7041,-0.1307,-0.1153,-0.0154,30.0,27.7473,26.1114,31.0191,14.23,14.335,14.4425,14.8392,14.3292,14.46,14.8624,14.4425,14.0226,0.2887,-123.4043,-85.1852,-0.35,2025-06-25 22:29:13.733333,2025-07-03 14:55:21.116666,捉腰帶線,,,,偏空,,,,,接近支撐位,,,CCI超賣,WILLR超賣,,1.7000000000000002,0.5,,
556,9950,2024-10-09,14.2,14.2,14.0,14.1,51000,12.3814,23.1121,31.9064,36.8608,39.897,-0.1393,-0.1201,-0.0192,20.0,25.1649,25.7959,23.9028,14.18,14.295,14.43,14.8025,14.294,14.4333,14.8743,14.43,13.9857,0.2823,-142.8571,-88.8889,-0.4,2025-06-25 22:29:13.736666,2025-07-03 14:55:21.120000,捉腰帶線,,,,偏空,,,,K下穿D,接近支撐位,,,CCI超賣,WILLR超賣,,1.7000000000000002,1.5,,
557,9950,2024-10-11,14.0,14.05,13.8,13.95,99000,7.1729,16.5854,26.4336,32.9964,37.5514,-0.1564,-0.1274,-0.029,23.0769,24.4689,25.3536,22.6995,14.12,14.245,14.42,14.7642,14.241,14.3975,14.8969,14.42,13.9431,0.2836,-176.5314,-90.0,-0.5,2025-06-25 22:29:13.736666,2025-07-03 14:55:21.120000,,,,,偏空,,,接近超賣,,接近支撐位,,,CCI超賣,WILLR超賣,,2.1,0.5,,
558,9950,2024-10-14,13.9,13.95,13.8,13.8,70000,4.701,12.4753,22.2023,29.649,35.3681,-0.18,-0.1379,-0.0421,0.0,16.3126,22.3399,4.258,14.04,14.18,14.3875,14.7208,14.1732,14.3532,14.9351,14.3875,13.8399,0.2741,-170.2306,-100.0,-0.65,2025-06-25 22:29:13.736666,2025-07-03 14:55:21.120000,"光腳,長蠟燭",,突破下軌,,偏空,,,超賣,,接近支撐位,,,CCI超賣,WILLR超賣,,3.9000000000000004,0.5,買入,多頭3.9分
559,9950,2024-10-15,13.85,13.9,13.7,13.85,37000,16.667,20.1688,26.5565,32.121,36.6571,-0.1925,-0.1488,-0.0436,20.0,17.5417,20.7405,11.1442,13.97,14.125,14.3325,14.6808,14.1235,14.316,14.8638,14.3325,13.8012,0.2688,-147.3684,-88.4615,-0.55,2025-06-25 22:29:13.736666,2025-07-03 14:55:21.123333,"十字,孕線,十字孕線,風高浪大線,長腿十字,紡錘線",,,,偏空,,,接近超賣,,接近支撐位,,,CCI超賣,WILLR超賣,,2.1,0.5,,
560,9950,2024-10-16,13.75,13.85,13.75,13.8,70000,14.4059,18.2928,25.0017,30.9498,35.9052,-0.204,-0.1599,-0.0442,14.2857,16.4564,19.3125,10.7442,13.9,14.065,14.28,14.6408,14.0737,14.2777,14.8038,14.28,13.7562,0.2567,-127.0095,-92.3077,-0.6,2025-06-25 22:29:13.740000,2025-07-03 14:55:21.123333,短蠟燭,,,,偏空,,,接近超賣,KD超賣,接近支撐位,,,CCI超賣,WILLR超賣,,3.1,0.5,買入,多頭3.1分
561,9950,2024-10-17,14.1,14.1,13.8,13.85,57000,26.8162,26.2913,29.5825,33.5587,37.2565,-0.2067,-0.1692,-0.0375,21.4286,18.1138,18.9129,16.5155,13.85,14.015,14.2375,14.5992,14.0393,14.2461,14.756,14.2375,13.719,0.2598,-72.9682,-86.3636,-0.5,2025-06-25 22:29:13.740000,2025-07-03 14:55:21.126666,"捉腰帶線,Hikkake 陷阱,長蠟燭",,,,偏空,,,接近超賣,KD超賣,接近支撐位,,,,WILLR超賣,,2.2,0.5,,
562,9950,2024-10-18,13.8,13.9,13.65,13.85,58000,26.8162,26.2913,29.5825,33.5587,37.2565,-0.2065,-0.1767,-0.0298,26.6667,20.9647,19.5969,23.7005,13.83,13.975,14.2,14.5608,14.0102,14.2167,14.7167,14.2,13.6833,0.2591,-95.5823,-80.0,-0.4,2025-06-25 22:29:13.740000,2025-07-03 14:55:21.126666,紡錘線,,,,偏空,,,接近超賣,K上穿D,接近支撐位,,,,WILLR超賣,,2.2,0.5,,
563,9950,2024-10-21,13.95,13.95,13.9,13.9,114000,40.3334,34.9577,34.5201,36.3478,38.6818,-0.2,-0.1814,-0.0187,33.3333,25.0876,21.4271,32.4086,13.85,13.945,14.175,14.5275,13.9932,14.1933,14.6989,14.175,13.6511,0.2477,-47.2574,-73.6842,-0.3,2025-06-25 22:29:13.740000,2025-07-03 14:55:21.130000,短蠟燭,,,,偏空,,,,,接近支撐位,,,,,,0.0,0.5,,
564,9950,2024-10-22,13.9,13.9,13.8,13.8,35000,27.5924,27.4319,29.8664,33.3339,36.9206,-0.2006,-0.1852,-0.0154,27.2727,25.816,22.8901,31.6678,13.84,13.905,14.1375,14.4958,13.9635,14.1641,14.656,14.1375,13.619,0.2372,-67.8295,-84.2105,-0.4,2025-06-25 22:29:13.740000,2025-07-03 14:55:21.130000,短蠟燭,,,,偏空,,,接近超賣,,接近支撐位,,,,WILLR超賣,,1.2000000000000002,0.5,,
565,9950,2024-10-23,13.85,13.95,13.8,13.9,77000,48.0899,41.9995,39.0032,38.799,39.7987,-0.1908,-0.1863,-0.0045,55.5556,35.7292,27.1698,52.848,13.86,13.88,14.1075,14.4617,13.9537,14.1446,14.6078,14.1075,13.6072,0.231,-41.9416,-73.6842,-0.25,2025-06-25 22:29:13.743333,2025-07-03 14:55:21.130000,短蠟燭,,,,偏空,,,,,,,,,,,0.0,0.5,,
566,9950,2024-10-24,13.8,13.85,13.7,13.85,48000,40.8605,37.5969,36.3708,37.1587,38.8676,-0.185,-0.1861,0.0011,44.4444,38.6343,30.9913,53.9203,13.86,13.855,14.075,14.4333,13.9378,14.1227,14.553,14.075,13.597,0.2287,-75.4902,-76.4706,-0.25,2025-06-25 22:29:13.743333,2025-07-03 14:55:21.133333,錘頭,,,黃金交叉,偏空,,,,,接近支撐位,,,,,,1.4,0.5,,
567,9950,2024-10-25,14.0,14.0,13.8,13.8,37000,34.3969,33.5,33.8336,35.5406,37.9358,-0.1823,-0.1853,0.003,33.3333,36.8673,32.9499,44.702,13.85,13.84,14.0425,14.4067,13.9166,14.0988,14.5021,14.0425,13.5829,0.2267,-35.3312,-82.3529,-0.15,2025-06-25 22:29:13.743333,2025-07-03 14:55:21.133333,"捉腰帶線,光腳,空頭吞沒,長蠟燭,下跌光頭光腳",,,,偏空,,,,,接近支撐位,,,,WILLR超賣,,0.8,0.5,,
568,9950,2024-10-28,13.9,13.9,13.7,13.8,58000,34.3969,33.5,33.8336,35.5406,37.9358,-0.1781,-0.1839,0.0058,33.3333,35.6893,33.8631,39.3418,13.83,13.84,14.01,14.3817,13.8986,14.0767,14.4408,14.01,13.5792,0.2248,-73.9837,-81.25,0.0,2025-06-25 22:29:13.743333,2025-07-03 14:55:21.136666,"捉腰帶線,匹配低點",,,,偏空,,,,,接近支撐位,,,,WILLR超賣,,0.8,0.5,,
569,9950,2024-10-29,13.75,13.75,13.5,13.6,139000,17.2964,21.0258,25.1646,29.5678,34.3085,-0.1887,-0.1848,-0.0039,16.6667,29.3484,32.3582,23.3289,13.79,13.815,13.97,14.3533,13.8527,14.0414,14.3971,13.97,13.5429,0.2302,-218.9573,-89.4737,-0.25,2025-06-25 22:29:13.746666,2025-07-03 14:55:21.136666,捉腰帶線,,,死亡交叉,偏空,底背離,,超賣,K下穿D,接近支撐位,量能異常,,CCI超賣,WILLR超賣,動量轉負,5.6000000000000005,3.5,賣出,空頭3.5分
570,9950,2024-10-30,13.6,13.75,13.6,13.6,43000,17.2964,21.0258,25.1646,29.5678,34.3085,-0.1949,-0.1868,-0.008,20.0,26.2323,30.3162,18.0644,13.73,13.795,13.93,14.3208,13.8138,14.0087,14.3379,13.93,13.5221,0.2244,-173.3333,-89.4737,-0.2,2025-06-25 22:29:13.746666,2025-07-03 14:55:21.136666,"十字,墓碑十字,孕線,十字孕線,長腿十字",,,,偏空,,,超賣,,接近支撐位,,,CCI超賣,WILLR超賣,,2.9000000000000004,0.5,,
571,9950,2024-11-01,13.6,13.9,13.55,13.9,66000,61.8032,55.1345,49.2465,45.5011,43.2778,-0.1736,-0.1842,0.0106,80.0,44.1549,34.9291,62.6064,13.74,13.8,13.9075,14.2967,13.8271,14.0006,14.267,13.9075,13.548,0.2334,-29.3333,-55.5556,0.05,2025-06-25 22:29:13.746666,2025-07-03 14:55:21.140000,光頭,,,黃金交叉,偏空,,Anomaly,,K上穿D,,,,,,動量轉正,3.0,0.5,買入,多頭3.0分
572,9950,2024-11-04,13.75,13.85,13.75,13.8,31000,50.4834,47.2058,44.0022,42.0836,41.304,-0.1629,-0.1799,0.017,60.0,49.4366,39.7649,68.7799,13.74,13.795,13.885,14.295,13.8229,13.9858,14.2107,13.885,13.5593,0.2274,-6.986,-66.6667,-0.05,2025-06-25 22:29:13.750000,2025-07-03 14:55:21.140000,孕線,,,,偏空,,,,,接近支撐位,,,,,動量轉負,0.0,1.1,,
573,9950,2024-11-05,13.95,13.95,13.7,13.9,105000,59.7082,54.7907,49.927,46.4177,43.9864,-0.1447,-0.1729,0.0282,80.0,59.6244,46.3847,86.1037,13.76,13.795,13.87,14.2908,13.8348,13.9794,14.1622,13.87,13.5778,0.2291,46.6667,-55.5556,0.0,2025-06-25 22:29:13.750000,2025-07-03 14:55:21.140000,上吊線,,,,偏多,,,,,接近壓力位,,,CCI上穿零軸,,,1.4,0.0,,
574,9950,2024-11-06,13.9,14.0,13.8,13.8,57000,48.4302,46.9254,44.675,42.9559,41.9723,-0.1367,-0.1656,0.0289,60.0,59.7496,50.8397,77.5694,13.8,13.795,13.85,14.28,13.8294,13.9661,14.101,13.85,13.599,0.227,56.6038,-66.6667,0.0,2025-06-25 22:29:13.750000,2025-07-03 14:55:21.143333,,,,,偏空,,,,,接近支撐位,,,,,,0.0,0.5,,
575,9950,2024-11-07,13.8,13.95,13.8,13.9,74000,58.2804,54.5391,50.4648,47.1968,44.6342,-0.121,-0.1567,0.0357,80.0,66.4997,56.0597,87.3798,13.86,13.795,13.8375,14.2733,13.8403,13.9612,14.0493,13.8375,13.6257,0.2215,79.7386,-42.8571,0.0,2025-06-25 22:29:13.750000,2025-07-03 14:55:21.143333,,突破MA20,,,偏多,,,,,接近壓力位,,,,,,2.0,0.0,,
576,9950,2024-11-08,13.9,13.9,13.8,13.8,83000,47.0474,46.7199,45.2081,43.6982,42.5831,-0.1152,-0.1484,0.0332,60.0,64.3331,58.8175,75.3644,13.84,13.79,13.8225,14.26,13.8341,13.9493,13.9971,13.8225,13.6479,0.2128,22.037,-50.0,-0.05,2025-06-25 22:29:13.750000,2025-07-03 14:55:21.143333,短蠟燭,,,,偏空,,,,,接近支撐位,,,,,動量轉負,0.0,1.1,,
577,9950,2024-11-11,13.9,14.0,13.5,13.85,108000,52.7404,50.8319,48.2054,45.8592,43.9357,-0.1054,-0.1398,0.0344,70.0,66.2221,61.2857,76.0949,13.85,13.795,13.8175,14.2475,13.8365,13.9419,13.9827,13.8175,13.6523,0.2333,-24.1135,-41.6667,0.05,2025-06-25 22:29:13.750000,2025-07-03 14:55:21.146666,紡錘線,,,,偏多,,,,,接近支撐位,量能異常,,CCI下穿零軸,,動量轉正,1.7999999999999998,0.9,,
578,9950,2024-11-12,13.25,13.75,13.25,13.6,110000,31.5443,35.0517,36.9698,38.0045,39.1001,-0.1165,-0.1351,0.0187,46.6667,59.7036,60.7583,57.5942,13.79,13.775,13.8075,14.235,13.8001,13.9166,13.998,13.8075,13.617,0.2595,-212.4909,-58.8235,-0.2,2025-06-25 22:29:13.753333,2025-07-03 14:55:21.146666,捉腰帶線,跌破MA20,突破下軌,,偏空,,,,K下穿D,接近支撐位,量能異常,,CCI超賣,,動量轉負,2.6,3.6,賣出,空頭3.6分
579,9950,2024-11-13,13.6,13.8,13.55,13.6,36000,31.5443,35.0517,36.9698,38.0045,39.1001,-0.1238,-0.1329,0.0091,46.6667,55.358,58.9582,48.1575,13.75,13.775,13.795,14.2167,13.7694,13.8932,14.0045,13.795,13.5855,0.2588,-88.0674,-58.8235,0.0,2025-06-25 22:29:13.753333,2025-07-03 14:55:21.150000,"十字,孕線,十字孕線,風高浪大線,長腿十字,紡錘線",,,,偏空,,,,,接近支撐位,,,,,,0.0,0.5,,
580,9950,2024-11-14,13.55,13.65,13.35,13.5,62000,25.2115,29.9839,33.1538,35.207,37.2901,-0.1361,-0.1335,-0.0026,33.3333,48.0164,55.311,33.4274,13.67,13.765,13.78,14.1983,13.7279,13.864,14.0258,13.78,13.5342,0.2618,-147.8619,-70.5882,-0.1,2025-06-25 22:29:13.753333,2025-07-03 14:55:21.150000,紡錘線,,突破下軌,死亡交叉,偏空,底背離,,,,接近支撐位,,,CCI超賣,,動量轉負,3.9,2.5,買入,多頭3.9分
581,9950,2024-11-15,13.5,13.6,13.4,13.5,78000,25.2115,29.9839,33.1538,35.207,37.2901,-0.1442,-0.1357,-0.0086,33.3333,43.1221,51.248,26.8702,13.61,13.725,13.7625,14.1775,13.6928,13.8371,14.0343,13.7625,13.4907,0.2574,-118.6111,-66.6667,-0.4,2025-06-25 22:29:13.756666,2025-07-03 14:55:21.150000,"十字,風高浪大線,長腿十字,黃包車夫,紡錘線",,,,偏空,,,,,接近支撐位,,,CCI超賣,,,0.9,0.5,,
582,9950,2024-11-18,13.5,13.5,13.3,13.3,59000,15.4922,21.5158,26.4202,30.0725,33.8365,-0.1649,-0.1415,-0.0234,6.6667,30.9703,44.4887,3.9333,13.5,13.675,13.735,14.1567,13.6324,13.7973,14.0698,13.735,13.4002,0.2533,-150.7003,-93.3333,-0.5,2025-06-25 22:29:13.756666,2025-07-03 14:55:21.150000,"捉腰帶線,光腳,空頭吞沒,Hikkake 陷阱,長蠟燭,下跌光頭光腳,分離線",,突破下軌,,偏空,,,接近超賣,,接近支撐位,,,CCI超賣,WILLR超賣,,3.0999999999999996,0.5,買入,多頭3.1分
583,9950,2024-11-19,13.3,13.5,13.2,13.45,63000,37.9266,37.0676,37.071,37.4414,38.3341,-0.1672,-0.1466,-0.0206,31.25,31.0635,40.0137,13.1632,13.47,13.63,13.7125,14.1375,13.6043,13.7716,14.0602,13.7125,13.3648,0.2566,-120.802,-68.75,-0.45,2025-06-25 22:29:13.756666,2025-07-03 14:55:21.153333,,,,,偏空,,,,,接近支撐位,,,CCI超賣,,,0.9,0.5,,
584,9950,2024-11-20,13.35,13.45,13.3,13.35,27122,31.0561,32.1177,33.481,34.8079,36.5928,-0.1751,-0.1523,-0.0228,18.75,26.959,35.6621,9.5528,13.42,13.585,13.69,14.1175,13.5652,13.7403,14.0689,13.69,13.3111,0.249,-105.7778,-81.25,-0.45,2025-06-25 22:29:13.756666,2025-07-03 14:55:21.153333,"十字,孕線,十字孕線,風高浪大線,長腿十字,黃包車夫,紡錘線",,,,偏空,,,接近超賣,,接近支撐位,,,CCI超賣,WILLR超賣,,2.1,0.5,,
585,9950,2024-11-21,13.3,13.35,13.3,13.3,25000,27.8976,29.7966,31.7717,33.5378,35.7405,-0.1833,-0.1585,-0.0248,12.5,22.1393,31.1545,4.109,13.38,13.525,13.66,14.0958,13.5244,13.7077,14.062,13.66,13.258,0.2348,-103.7037,-87.5,-0.6,2025-06-25 22:29:13.760000,2025-07-03 14:55:21.156666,"十字,墓碑十字,倒錘頭,長腿十字,短蠟燭",,,,偏空,,,接近超賣,,接近支撐位,,,CCI超賣,WILLR超賣,,2.1,0.5,,
586,9950,2024-11-22,13.3,13.35,13.2,13.35,61000,36.0301,35.2554,35.4343,36.0508,37.2746,-0.1836,-0.1636,-0.0201,25.0,23.0929,28.4673,12.3441,13.35,13.48,13.635,14.075,13.4976,13.6812,14.0486,13.635,13.2214,0.2287,-94.9425,-81.25,-0.45,2025-06-25 22:29:13.760000,2025-07-03 14:55:21.156666,錘頭,,,,偏空,,,,,接近支撐位,,,,WILLR超賣,,0.8,0.5,,
587,9950,2024-11-25,13.4,13.45,13.3,13.35,38000,36.0301,35.2554,35.4343,36.0508,37.2746,-0.1818,-0.1672,-0.0146,25.0,23.7286,26.8877,17.4103,13.36,13.43,13.6125,14.055,13.4749,13.6567,14.0366,13.6125,13.1884,0.2231,-65.3074,-81.25,-0.5,2025-06-25 22:29:13.760000,2025-07-03 14:55:21.160000,短蠟燭,,,,偏空,,,,,接近支撐位,,,,WILLR超賣,,0.8,0.5,,
588,9950,2024-11-26,13.35,13.35,13.3,13.3,20000,30.6317,31.8812,33.2319,34.5363,36.3187,-0.1823,-0.1702,-0.0121,22.2222,23.2265,25.6673,18.3448,13.33,13.4,13.5875,14.0317,13.448,13.6303,14.0232,13.5875,13.1518,0.2107,-77.455,-87.5,-0.3,2025-06-25 22:29:13.760000,2025-07-03 14:55:21.160000,短蠟燭,,,,偏空,,,接近超賣,,接近支撐位,,,,WILLR超賣,,1.2000000000000002,0.5,,
589,9950,2024-11-27,13.4,13.4,13.25,13.3,80000,30.6317,31.8812,33.2319,34.5363,36.3187,-0.1806,-0.1723,-0.0083,25.0,23.8176,25.0508,21.3514,13.32,13.37,13.5725,14.0092,13.4252,13.6058,14.0258,13.5725,13.1192,0.2064,-70.0,-87.5,-0.3,2025-06-25 22:29:13.760000,2025-07-03 14:55:21.160000,"捉腰帶線,長蠟燭,匹配低點",,,,偏空,,,接近超賣,,接近支撐位,,,,WILLR超賣,,1.2000000000000002,0.5,,
590,9950,2024-11-28,13.15,13.25,13.0,13.05,56000,14.1124,19.3063,24.0173,27.771,31.8204,-0.1971,-0.1773,-0.0199,10.0,19.2118,23.1044,11.4264,13.27,13.325,13.545,13.9825,13.3675,13.5646,14.0519,13.545,13.0381,0.2131,-163.8298,-95.0,-0.45,2025-06-25 22:29:13.763333,2025-07-03 14:55:21.160000,,,,,偏空,,,超賣,,接近支撐位,,,CCI超賣,WILLR超賣,,2.9000000000000004,0.5,,
591,9950,2024-11-29,13.05,13.1,12.9,13.05,87000,14.1124,19.3063,24.0173,27.771,31.8204,-0.2079,-0.1834,-0.0245,25.0,21.1412,22.45,18.5235,13.21,13.28,13.5025,13.9558,13.3186,13.5265,14.0254,13.5025,12.9796,0.2121,-202.4096,-86.3636,-0.45,2025-06-25 22:29:13.763333,2025-07-03 14:55:21.160000,"十字,孕線,十字孕線,風高浪大線,長腿十字,紡錘線",,,,偏空,,,超賣,,接近支撐位,,,CCI超賣,WILLR超賣,,2.9000000000000004,0.5,,
592,9950,2024-12-02,13.1,13.1,13.0,13.0,29000,12.0771,17.4344,22.4784,26.564,30.9745,-0.2179,-0.1903,-0.0276,18.1818,20.1547,21.6849,17.0943,13.14,13.25,13.4625,13.93,13.2696,13.4875,14.0101,13.4625,12.9149,0.2041,-156.4103,-90.9091,-0.3,2025-06-25 22:29:13.763333,2025-07-03 14:55:21.163333,"捉腰帶線,光腳,空頭吞沒,長蠟燭,下跌光頭光腳",,,,偏空,,,超賣,,接近支撐位,,,CCI超賣,WILLR超賣,,2.9000000000000004,0.5,,
593,9950,2024-12-03,13.0,13.05,12.9,13.0,73000,12.0771,17.4344,22.4784,26.564,30.9745,-0.2233,-0.1969,-0.0264,18.1818,19.4971,20.9556,16.58,13.08,13.205,13.4175,13.9042,13.2281,13.4514,13.9618,13.4175,12.8732,0.2003,-140.6863,-90.9091,-0.45,2025-06-25 22:29:13.763333,2025-07-03 14:55:21.163333,"十字,孕線,十字孕線,風高浪大線,長腿十字,黃包車夫,紡錘線",,,,偏空,,,超賣,,接近支撐位,,,CCI超賣,WILLR超賣,,2.9000000000000004,0.5,,
594,9950,2024-12-04,13.0,13.05,12.85,13.0,65000,12.0771,17.4344,22.4784,26.564,30.9745,-0.2249,-0.2025,-0.0224,25.0,21.3314,21.0809,21.8324,13.02,13.17,13.3775,13.8883,13.193,13.418,13.9211,13.3775,12.8339,0.2002,-116.1572,-86.9565,-0.35,2025-06-25 22:29:13.766666,2025-07-03 14:55:21.163333,"十字,風高浪大線,長腿十字,紡錘線",,,,偏空,,,超賣,K上穿D,接近支撐位,,,CCI超賣,WILLR超賣,,3.9000000000000004,0.5,買入,多頭3.9分
595,9950,2024-12-05,12.9,12.95,12.8,12.85,138000,6.5457,11.9257,17.7878,22.8438,28.3565,-0.2356,-0.2091,-0.0265,7.6923,16.785,19.6489,11.0572,12.98,13.125,13.325,13.8683,13.1403,13.3759,13.8593,13.325,12.7907,0.2002,-127.8667,-95.8333,-0.45,2025-06-25 22:29:13.766666,2025-07-03 14:55:21.166666,長蠟燭,,,,偏空,,,超賣,KD超賣,接近支撐位,量能異常,,CCI超賣,WILLR超賣,,4.6,0.5,強烈買入,多頭4.6分
596,9950,2024-12-06,12.85,13.1,12.85,12.95,39000,32.3615,29.3002,28.7941,29.8927,32.3585,-0.2333,-0.214,-0.0194,25.0,19.5234,19.6071,19.3559,12.96,13.085,13.2825,13.845,13.111,13.3443,13.7937,13.2825,12.7713,0.2038,-75.7991,-87.5,-0.4,2025-06-25 22:29:13.766666,2025-07-03 14:55:21.166666,"捉腰帶線,多頭吞沒",,,,偏空,,,超賣,KD超賣,接近支撐位,,,,WILLR超賣,,3.0,0.5,買入,多頭3.0分
597,9950,2024-12-09,12.95,12.95,12.7,12.75,57000,19.142,20.0645,22.1919,24.9778,28.9612,-0.2449,-0.2201,-0.0247,7.1429,15.3965,18.2036,9.7824,12.91,13.025,13.2275,13.8217,13.0555,13.3003,13.7189,13.2275,12.7361,0.2071,-120.6743,-95.4545,-0.6,2025-06-25 22:29:13.766666,2025-07-03 14:55:21.166666,"捉腰帶線,空頭吞沒,長蠟燭",,,,偏空,,,超賣,KD超賣,接近支撐位,,,CCI超賣,WILLR超賣,,3.9000000000000004,0.5,買入,多頭3.9分
598,9950,2024-12-10,12.85,12.95,12.75,12.8,31000,28.2954,26.7947,26.8509,28.158,30.8665,-0.2471,-0.2255,-0.0216,18.1818,16.325,17.5774,13.8201,12.87,12.975,13.1875,13.7942,13.0162,13.2633,13.6813,13.1875,12.6937,0.2066,-96.916,-90.9091,-0.5,2025-06-25 22:29:13.766666,2025-07-03 14:55:21.170000,"孕線,家鴿,紡錘線",,,,偏空,,,超賣,KD超賣,接近支撐位,,,,WILLR超賣,,3.0,0.5,買入,多頭3.0分
599,9950,2024-12-11,12.95,14.05,12.95,14.05,521000,84.1977,78.8161,72.5341,66.4491,59.4295,-0.1463,-0.2097,0.0634,100.0,44.2166,26.4571,79.7357,13.08,13.05,13.21,13.7792,13.1752,13.3215,13.8072,13.21,12.6128,0.2811,186.8998,0.0,0.75,2025-06-25 22:29:13.770000,2025-07-03 14:55:21.170000,"三內部上漲,捉腰帶線,光頭,長蠟燭,上漲光頭光腳",,突破上軌,黃金交叉,偏多,,Anomaly,接近超買,K上穿D,接近壓力位,量能異常,,CCI上穿零軸,WILLR超買,動量轉正,5.1,2.2,強烈買入,多頭5.1分
600,9950,2024-12-12,14.05,14.7,13.75,14.4,965000,87.5853,82.8072,77.0024,71.0946,63.8238,-0.0378,-0.1753,0.1375,85.0,57.8111,36.9084,99.6164,13.39,13.185,13.255,13.7717,13.3636,13.4014,14.0392,13.255,12.4708,0.3289,249.4996,-15.0,1.35,2025-06-25 22:29:13.770000,2025-07-03 14:55:21.170000,,突破MA20,突破上軌,,偏多,,,超買,,接近壓力位,量能異常,,CCI超買,WILLR超買,,2.7,3.9000000000000004,賣出,空頭3.9分
601,9950,2024-12-13,14.25,14.85,14.2,14.8,475000,90.4959,86.2589,80.9399,75.3034,67.9849,0.0796,-0.1243,0.2039,97.6744,71.0989,48.3052,116.6861,13.76,13.36,13.32,13.7733,13.5846,13.505,14.3512,13.32,12.2888,0.3518,219.2771,-2.3256,1.75,2025-06-25 22:29:13.770000,2025-07-03 14:55:21.173333,長蠟燭,,突破上軌,,偏多,,,超買,,接近壓力位,量能異常,EMA黃金交叉,CCI超買,WILLR超買,,2.5,3.9000000000000004,賣出,空頭3.9分
602,9950,2024-12-16,14.9,15.35,14.8,14.85,591000,90.8317,86.6498,81.3826,75.7781,68.4611,0.1746,-0.0645,0.2392,81.1321,74.4433,57.0179,109.294,14.18,13.545,13.3975,13.7775,13.7793,13.6046,14.6253,13.3975,12.1697,0.366,186.7772,-18.8679,1.85,2025-06-25 22:29:13.770000,2025-07-03 14:55:21.173333,,,突破上軌,,偏多,,,超買,,接近壓力位,量能異常,,CCI超買,WILLR超買,,1.2,3.9000000000000004,賣出,空頭3.9分
603,9950,2024-12-17,14.9,15.3,14.75,15.15,606000,92.7526,88.8667,83.879,78.4544,71.163,0.2711,0.0026,0.2685,92.4528,80.4465,64.8274,111.6845,14.65,13.76,13.4825,13.79,13.9902,13.7191,14.929,13.4825,12.036,0.3791,142.7052,-7.5472,2.15,2025-06-25 22:29:13.773333,2025-07-03 14:55:21.176666,,,突破上軌,,偏多,,,超買,,接近壓力位,量能異常,,CCI超買,WILLR超買,,1.2,3.9000000000000004,賣出,空頭3.9分
604,9950,2024-12-18,15.7,16.65,15.35,16.65,1442000,96.8618,94.3447,90.7612,86.4913,80.1091,0.4632,0.0947,0.3685,100.0,86.9643,72.2064,116.4801,15.17,14.125,13.6475,13.825,14.3994,13.9362,15.6441,13.6475,11.6509,0.4592,178.1445,0.0,3.65,2025-06-25 22:29:13.773333,2025-07-03 14:55:21.176666,光頭,,突破上軌,,偏多,,,超買,,接近壓力位,量能異常,,CCI超買,WILLR超買,,1.2,3.9000000000000004,賣出,空頭3.9分
605,9950,2024-12-19,17.1,18.2,16.7,17.4,2544000,97.6829,95.6059,92.5323,88.7508,82.8951,0.6682,0.2094,0.4588,85.4545,86.4611,76.9579,105.4673,15.77,14.58,13.8525,13.8733,14.861,14.1928,16.4236,13.8525,11.2814,0.5371,190.1359,-14.5455,4.55,2025-06-25 22:29:13.773333,2025-07-03 14:55:21.176666,紡錘線,,突破上軌,,偏多,,,超買,,接近壓力位,量能異常,,CCI超買,WILLR超買,,1.2,3.9000000000000004,賣出,空頭3.9分
606,9950,2024-12-20,17.4,17.4,16.3,16.85,906000,78.7864,80.2871,80.0311,78.3953,74.8254,0.7774,0.323,0.4544,75.2294,82.7172,78.8777,90.3961,16.18,14.97,14.0275,13.9125,15.167,14.3896,16.8971,14.0275,11.1579,0.5773,127.6559,-24.5455,3.9,2025-06-25 22:29:13.776666,2025-07-03 14:55:21.180000,"捉腰帶線,空頭吞沒",,,,偏多,,,超買,,接近壓力位,量能異常,,CCI超買,,,1.2,2.1,,
607,9950,2024-12-23,17.2,17.25,15.2,15.85,823000,54.7259,59.9212,62.8715,63.8156,63.0988,0.7743,0.4133,0.361,55.2381,73.5575,77.1043,66.4638,16.38,15.28,14.1525,13.9358,15.2721,14.4978,17.1096,14.1525,11.1954,0.6825,76.6696,-42.7273,3.1,2025-06-25 22:29:13.776666,2025-07-03 14:55:21.180000,捉腰帶線,,,,偏多,,,,K下穿D,,量能異常,,,,,1.2,1.0,,
608,9950,2024-12-24,15.8,15.8,14.7,15.2,565000,43.8464,50.2542,54.4412,56.4648,57.0018,0.7112,0.4728,0.2383,32.5843,59.8997,71.3694,36.9603,16.39,15.52,14.2475,13.9483,15.261,14.5498,17.211,14.2475,11.284,0.7159,27.3265,-54.5455,2.4,2025-06-25 22:29:13.776666,2025-07-03 14:55:21.180000,捉腰帶線,,,,偏多,,,,,,,,,,,0.5,0.0,,
609,9950,2024-12-25,15.2,15.8,14.85,15.55,327000,50.4735,54.8319,57.8247,59.1907,59.2292,0.6816,0.5146,0.167,33.75,51.1832,64.6407,24.2681,16.17,15.67,14.36,13.9675,15.3055,14.6239,17.3419,14.36,11.3781,0.7326,29.0476,-48.1818,1.5,2025-06-25 22:29:13.776666,2025-07-03 14:55:21.180000,孕線,,,,偏多,,,,,,,,,,,0.5,0.0,,
610,9950,2024-12-26,15.55,15.55,14.95,15.0,253000,40.9748,46.9167,51.1872,53.5197,54.5654,0.6067,0.533,0.0737,8.5714,36.9792,55.4202,0.0973,15.69,15.73,14.4575,13.9775,15.2585,14.6518,17.3888,14.4575,11.5262,0.7231,7.7725,-58.1818,0.6,2025-06-25 22:29:13.776666,2025-07-03 14:55:21.183333,"捉腰帶線,光腳,空頭吞沒,長蠟燭,下跌光頭光腳",,,,偏多,,,,,,,,,,,0.5,0.0,,
611,9950,2024-12-27,14.8,15.0,14.8,14.85,113000,38.5045,44.8565,49.4665,52.0549,53.3621,0.5292,0.5322,-0.0031,4.2857,26.0814,45.6406,-13.037,15.29,15.735,14.5475,13.9858,15.1956,14.6664,17.4101,14.5475,11.6849,0.6858,-24.252,-60.9091,0.05,2025-06-25 22:29:13.780000,2025-07-03 14:55:21.183333,"十字,十字星,墓碑十字,Hikkake 陷阱,倒錘頭,長腿十字,短蠟燭",,,死亡交叉,偏多,,,,,,,,CCI下穿零軸,,,0.5,2.3,,
612,9950,2024-12-30,14.8,15.1,14.8,14.9,158000,40.0114,45.7824,50.0879,52.5214,53.7193,0.4664,0.5191,-0.0527,5.7143,19.2924,36.8579,-15.8386,15.1,15.74,14.6425,13.9967,15.1501,14.6837,17.4182,14.6425,11.8668,0.6582,-36.7421,-60.0,0.05,2025-06-25 22:29:13.780000,2025-07-03 14:55:21.183333,"缺口上漲,短蠟燭",,,,偏多,,,,,,,,,,,0.5,0.0,,
613,9950,2024-12-31,15.0,15.2,14.85,15.15,130000,47.9787,50.619,53.2796,54.8849,55.5083,0.4318,0.5016,-0.0698,12.8571,17.1473,30.2877,-9.1335,15.09,15.74,14.75,14.0125,15.1501,14.7183,17.4277,14.75,12.0723,0.6362,-36.8117,-55.4545,0.0,2025-06-25 22:29:13.780000,2025-07-03 14:55:21.183333,短蠟燭,,,,偏多,,,,,,,,,,,0.5,0.0,,
614,9950,2025-01-02,15.4,15.4,15.0,15.0,100000,43.6324,47.6439,51.1011,53.1745,54.1887,0.3879,0.4789,-0.091,11.1111,15.1352,25.2369,-5.068,14.98,15.575,14.85,14.0258,15.127,14.7392,17.4054,14.85,12.2946,0.6193,-38.1597,-58.1818,-1.65,2025-06-25 22:29:13.780000,2025-07-03 14:55:21.186666,"空頭吞沒,短蠟燭",,,,偏多,,,,,,,,,,動量轉負,0.5,0.6,,
615,9950,2025-01-03,15.0,15.0,14.4,14.65,135000,34.5136,41.0723,46.2033,49.3129,51.2061,0.3211,0.4473,-0.1262,8.7719,13.0141,21.1626,-3.2828,14.91,15.3,14.94,14.0342,15.0536,14.7325,17.3286,14.94,12.5514,0.618,-84.9372,-64.5455,-2.75,2025-06-25 22:29:13.780000,2025-07-03 14:55:21.186666,,跌破MA20,,,偏空,,,,,,,,,,,0.0,2.0,,
616,9950,2025-01-06,14.35,14.55,14.2,14.5,123000,31.0385,38.4225,44.1866,47.7136,49.9685,0.2531,0.4085,-0.1553,18.75,14.9261,19.0838,6.6107,14.84,15.065,15.0175,14.0408,14.9685,14.7153,17.2375,15.0175,12.7975,0.606,-104.1877,-67.2727,-2.35,2025-06-25 22:29:13.780000,2025-07-03 14:55:21.190000,短蠟燭,,,,偏空,,,,KD超賣,,,,CCI超賣,,,1.9,0.5,,
617,9950,2025-01-07,14.7,14.7,14.1,14.55,91000,33.8152,39.9296,45.0745,48.3153,50.3882,0.201,0.367,-0.166,26.4706,18.7743,18.9806,18.3616,14.77,14.935,15.1075,14.0508,14.9041,14.7031,17.0852,15.1075,13.1298,0.6055,-93.061,-66.9725,-1.3,2025-06-25 22:29:13.783333,2025-07-03 14:55:21.190000,上吊線,,,,偏空,,,,KD超賣,,,,,,,1.0,0.5,,
618,9950,2025-01-08,14.35,14.55,14.35,14.45,52000,30.7226,37.7725,43.5354,47.1467,49.516,0.1499,0.3236,-0.1737,24.1379,20.5621,19.5078,22.6709,14.63,14.86,15.19,14.0617,14.8342,14.6843,16.8946,15.19,13.4854,0.5766,-86.5455,-71.4286,-0.75,2025-06-25 22:29:13.783333,2025-07-03 14:55:21.190000,"倒錘頭,短蠟燭",,,,偏空,,,,K上穿D,,,,,,,1.0,0.5,,
619,9950,2025-01-09,14.45,14.6,14.3,14.45,67000,30.7226,37.7725,43.5354,47.1467,49.516,0.1081,0.2805,-0.1723,26.9231,22.6825,20.566,26.9154,14.52,14.75,15.21,14.0717,14.7751,14.667,16.8694,15.21,13.5506,0.5568,-88.4089,-84.2697,-1.1,2025-06-25 22:29:13.783333,2025-07-03 14:55:21.190000,"十字,風高浪大線,長腿十字,黃包車夫,紡錘線",,,,偏空,,,,,,,,,WILLR超賣,,0.8,0.5,,
620,9950,2025-01-10,14.0,14.35,13.9,14.35,106000,26.8814,35.1852,41.7744,45.8603,48.5887,0.0662,0.2376,-0.1714,30.0,25.1216,22.0846,31.1958,14.46,14.685,15.2075,14.0808,14.7097,14.6435,16.8719,15.2075,13.5431,0.5563,-118.3838,-89.5349,-0.65,2025-06-25 22:29:13.786666,2025-07-03 14:55:21.193333,光頭,,,,偏空,,,,,,,,CCI超賣,WILLR超賣,,1.7000000000000002,0.5,,
621,9950,2025-01-13,14.2,14.25,13.6,13.8,58000,14.4556,24.4423,33.4946,39.4799,43.8466,-0.0113,0.1879,-0.1991,11.1111,20.4515,21.5402,18.274,14.32,14.58,15.1575,14.08,14.5698,14.581,16.9248,15.1575,13.3902,0.5702,-151.2093,-95.6522,-1.05,2025-06-25 22:29:13.786666,2025-07-03 14:55:21.193333,,,,,偏空,,,,K下穿D,,,EMA死亡交叉,CCI超賣,WILLR超賣,,1.7000000000000002,2.8,,
622,9950,2025-01-14,13.9,14.15,13.8,13.9,91000,22.5882,29.0382,36.055,41.0848,44.8737,-0.0639,0.1375,-0.2014,16.6667,19.1899,20.7567,16.0561,14.19,14.48,15.11,14.0808,14.4667,14.5306,16.9571,15.11,13.2629,0.5544,-119.1057,-93.4783,-1.0,2025-06-25 22:29:13.786666,2025-07-03 14:55:21.193333,"十字,孕線,十字孕線,風高浪大線,長腿十字,黃包車夫,紡錘線",,,,偏空,,,,,,,,CCI超賣,WILLR超賣,,1.7000000000000002,0.5,,
623,9950,2025-01-15,13.9,14.15,13.85,14.1,28000,37.4536,37.8579,41.0946,44.2682,46.9129,-0.0884,0.0923,-0.1807,35.7143,24.698,22.0705,29.953,14.12,14.375,15.0575,14.0842,14.4103,14.4987,16.956,15.0575,13.159,0.5363,-93.9394,-89.1304,-1.05,2025-06-25 22:29:13.786666,2025-07-03 14:55:21.196666,短蠟燭,,,,偏空,,,,K上穿D,,,,,WILLR超賣,,1.8,0.5,,
624,9950,2025-01-16,14.1,14.1,13.9,14.0,40000,33.4401,35.2987,39.3708,43.0166,46.0192,-0.1146,0.051,-0.1655,36.3636,28.5865,24.2425,37.2746,14.03,14.275,14.925,14.0875,14.3472,14.4617,16.7279,14.925,13.1221,0.5122,-92.0188,-91.3043,-1.0,2025-06-25 22:29:13.790000,2025-07-03 14:55:21.196666,短蠟燭,,,,偏空,,,,,,,,,WILLR超賣,,0.8,0.5,,
625,9950,2025-01-17,14.15,14.15,14.0,14.0,39000,33.4401,35.2987,39.3708,43.0166,46.0192,-0.1338,0.014,-0.1478,36.3636,31.1789,26.5546,40.4274,13.96,14.21,14.755,14.0892,14.2938,14.4275,16.1975,14.755,13.3125,0.4864,-71.6479,-89.4737,-0.65,2025-06-25 22:29:13.790000,2025-07-03 14:55:21.196666,"Hikkake 陷阱,匹配低點,短蠟燭",,,,偏空,,,,,,,,,WILLR超賣,,0.8,0.5,,
626,9950,2025-01-20,14.0,14.0,13.9,14.0,28000,33.4401,35.2987,39.3708,43.0166,46.0192,-0.1473,-0.0182,-0.129,40.0,34.1193,29.0762,44.2054,14.0,14.16,14.6125,14.0917,14.2486,14.3959,15.7242,14.6125,13.5008,0.4588,-75.9124,-89.0411,-0.5,2025-06-25 22:29:13.790000,2025-07-03 14:55:21.200000,"十字,蜻蜓十字,錘頭,長腿十字,探水竿",,,,偏空,,,,,,,,,WILLR超賣,,0.8,0.5,,
627,9950,2025-01-21,14.0,14.3,14.0,14.25,96000,56.3036,48.9884,46.9956,47.6389,48.8397,-0.1363,-0.0419,-0.0944,65.0,44.4128,34.1884,64.8617,14.07,14.13,14.5325,14.0992,14.2488,14.3851,15.497,14.5325,13.568,0.4474,-22.1264,-70.4545,-0.3,2025-06-25 22:29:13.790000,2025-07-03 14:55:21.200000,"捉腰帶線,長蠟燭",,,,偏空,,,,,,,,,,,0.0,0.5,,
628,9950,2025-01-22,14.3,14.3,14.1,14.25,27000,56.3036,48.9884,46.9956,47.6389,48.8397,-0.1261,-0.0587,-0.0674,86.6667,58.4975,42.2914,90.9095,14.1,14.11,14.485,14.1067,14.249,14.3751,15.4059,14.485,13.5641,0.4298,2.3649,-70.4545,-0.2,2025-06-25 22:29:13.793333,2025-07-03 14:55:21.200000,,,,,偏空,,,,,,,,CCI上穿零軸,,,0.9,0.5,,
629,9950,2025-02-03,14.25,14.25,13.6,13.8,72007,28.6372,32.2636,36.7305,40.7401,44.2512,-0.1526,-0.0775,-0.0751,28.5714,48.5221,44.3683,56.8297,14.06,14.045,14.3975,14.11,14.1799,14.3325,15.2248,14.3975,13.5702,0.4455,-96.5812,-89.7436,-0.65,2025-06-25 22:29:13.793333,2025-07-03 14:55:21.200000,捉腰帶線,,,,偏空,,,,,接近支撐位,,,CCI下穿零軸,WILLR超賣,,0.8,1.4,,
630,9950,2025-02-04,13.9,13.9,13.75,13.75,42236,26.8077,30.8963,35.7661,40.0462,43.7715,-0.1755,-0.0971,-0.0785,21.4286,39.4909,42.7425,32.9877,14.01,13.985,14.335,14.1125,14.1138,14.2893,15.1597,14.335,13.5103,0.4244,-110.6838,-91.6667,-0.6,2025-06-25 22:29:13.793333,2025-07-03 14:55:21.200000,短蠟燭,,,,偏空,,,,K下穿D,接近支撐位,,,CCI超賣,WILLR超賣,,1.7000000000000002,1.5,,
631,9950,2025-02-05,13.95,14.6,13.95,14.4,67012,64.0891,57.9346,53.4295,51.5901,51.0202,-0.1397,-0.1056,-0.0341,80.0,52.994,46.1597,66.6625,14.09,14.045,14.3125,14.1208,14.1578,14.2975,15.1036,14.3125,13.5214,0.4548,83.0739,-55.5556,0.6,2025-06-25 22:29:13.796666,2025-07-03 14:55:21.203333,"捉腰帶線,Hikkake 陷阱",,,,偏多,頂背離,,,K上穿D,,,,CCI上穿零軸,,動量轉正,3.0,2.0,買入,多頭3.0分
632,9950,2025-02-06,14.35,14.35,13.95,14.2,22020,53.5903,50.7995,48.8381,48.496,48.9802,-0.126,-0.1097,-0.0163,60.0,55.3293,49.2162,67.5555,14.08,14.075,14.2775,14.1275,14.1643,14.2903,15.0221,14.2775,13.5329,0.4544,38.7145,-66.6667,0.3,2025-06-25 22:29:13.796666,2025-07-03 14:55:21.203333,孕線,,,,偏空,,,,,,,,,,,0.0,0.5,,
633,9950,2025-02-07,14.2,14.2,14.1,14.15,20000,50.9805,49.038,47.6995,47.7253,48.4714,-0.1178,-0.1113,-0.0065,55.0,55.2195,51.2173,63.224,14.06,14.08,14.2275,14.1317,14.1621,14.2799,14.8564,14.2275,13.5986,0.4291,48.6631,-69.4444,0.05,2025-06-25 22:29:13.796666,2025-07-03 14:55:21.206666,短蠟燭,,,,偏空,,,,,,,,,,,0.0,0.5,,
634,9950,2025-02-10,13.9,14.05,13.9,14.05,25179,45.4473,45.3673,45.35,46.1459,47.4367,-0.118,-0.1127,-0.0054,45.0,51.813,51.4159,52.6073,14.11,14.085,14.18,14.1358,14.1448,14.2629,14.7029,14.18,13.6571,0.4163,-24.2075,-67.8571,0.05,2025-06-25 22:29:13.796666,2025-07-03 14:55:21.206666,"Hikkake 陷阱,短蠟燭",,,,偏空,,,,,,,,CCI下穿零軸,,,0.0,1.4,,
635,9950,2025-02-11,14.25,14.25,14.05,14.1,21000,48.9128,47.653,46.8056,47.0888,48.0193,-0.1129,-0.1127,-0.0002,50.0,51.2087,51.3468,50.9324,14.18,14.095,14.1525,14.1392,14.1379,14.2508,14.6294,14.1525,13.6756,0.4009,42.2354,-54.5455,0.1,2025-06-25 22:29:13.800000,2025-07-03 14:55:21.206666,短蠟燭,突破MA20,,,偏空,,,,K下穿D,,,,CCI上穿零軸,,,2.4,1.5,,
636,9950,2025-02-12,14.2,14.2,14.1,14.15,29000,52.671,50.0892,48.3347,48.0679,48.6172,-0.1035,-0.1109,0.0073,55.0,52.4725,51.722,53.9733,14.13,14.11,14.135,14.145,14.1398,14.2433,14.5846,14.135,13.6854,0.3794,44.2105,-50.0,0.15,2025-06-25 22:29:13.800000,2025-07-03 14:55:21.210000,短蠟燭,跌破MA20,,黃金交叉,偏多,,,,K上穿D,,,,,,,2.9,1.5,,
637,9950,2025-02-13,14.15,14.15,14.0,14.1,62000,48.2355,47.5097,46.8387,47.1287,48.037,-0.099,-0.1085,0.0095,50.0,51.6483,51.6975,51.55,14.11,14.095,14.1125,14.1492,14.1337,14.2327,14.5198,14.1125,13.7052,0.363,2.8807,-50.0,-0.15,2025-06-25 22:29:13.800000,2025-07-03 14:55:21.210000,"錘頭,Hikkake 陷阱",,,,偏空,,,,K下穿D,,,,,,動量轉負,0.0,2.1,,
638,9950,2025-02-14,14.15,14.2,14.1,14.2,59000,57.2381,53.1405,50.2598,49.2639,49.3074,-0.0864,-0.1041,0.0177,52.9412,52.0793,51.8247,52.5883,14.12,14.09,14.1,14.1592,14.1439,14.2303,14.4795,14.1,13.7205,0.3442,46.813,-40.0,-0.05,2025-06-25 22:29:13.800000,2025-07-03 14:55:21.210000,"上吊線,短蠟燭",突破MA20,,,偏多,,,,K上穿D,接近壓力位,,,,,,3.0,0.0,買入,多頭3.0分
639,9950,2025-02-17,14.15,14.2,14.1,14.15,47001,51.6265,50.011,48.525,48.2154,48.6826,-0.0795,-0.0992,0.0196,35.7143,46.6243,50.0912,39.6903,14.14,14.125,14.085,14.1683,14.1448,14.2243,14.4301,14.085,13.7399,0.3268,32.387,-45.0,0.35,2025-06-25 22:29:13.803333,2025-07-03 14:55:21.210000,"十字,風高浪大線,長腿十字,黃包車夫,紡錘線",,,,偏多,,,,K下穿D,接近壓力位,,,,,動量轉正,1.1,1.0,,
640,9950,2025-02-18,14.1,14.15,14.05,14.15,42000,51.6265,50.011,48.525,48.2154,48.6826,-0.0732,-0.094,0.0208,55.5556,49.6014,49.9279,48.9482,14.15,14.165,14.075,14.1792,14.1456,14.2188,14.3998,14.075,13.7502,0.3106,5.8333,-45.0,0.4,2025-06-25 22:29:13.803333,2025-07-03 14:55:21.213333,,,,,偏多,,,,,接近壓力位,,,,,,0.5,0.0,,
641,9950,2025-02-19,14.1,14.25,14.0,14.15,40000,51.6265,50.011,48.525,48.2154,48.6826,-0.0674,-0.0887,0.0212,71.4286,56.8771,52.2443,66.1426,14.15,14.14,14.0925,14.19,14.1463,14.2137,14.393,14.0925,13.792,0.3062,20.438,-45.0,-0.25,2025-06-25 22:29:13.803333,2025-07-03 14:55:21.213333,紡錘線,,,,偏多,,,,K上穿D,接近壓力位,,,,,動量轉負,1.5,0.6,,
642,9950,2025-02-20,14.15,14.2,14.15,14.15,50149,51.6265,50.011,48.525,48.2154,48.6826,-0.0622,-0.0834,0.0212,71.4286,61.7276,55.4054,74.3719,14.16,14.135,14.105,14.2042,14.1469,14.209,14.3929,14.105,13.8171,0.2879,47.8856,-45.0,-0.05,2025-06-25 22:29:13.806666,2025-07-03 14:55:21.213333,"十字,墓碑十字,長腿十字",,,,偏多,,,,,接近壓力位,,,,,,0.5,0.0,,
643,9950,2025-02-21,14.15,14.3,14.15,14.3,55350,71.8443,62.3381,55.5418,52.311,50.9493,-0.0453,-0.0758,0.0304,100.0,74.4851,61.7653,99.9246,14.18,14.15,14.115,14.2183,14.1704,14.2158,14.4152,14.115,13.8148,0.2781,112.3053,-30.0,0.15,2025-06-25 22:29:13.806666,2025-07-03 14:55:21.213333,"捉腰帶線,光頭,長蠟燭,上漲光頭光腳",,,,偏多,,,,,接近壓力位,,,CCI超買,,動量轉正,1.1,0.9,,
644,9950,2025-02-24,14.3,14.3,14.2,14.2,33101,53.2853,52.306,50.4479,49.5003,49.4212,-0.0396,-0.0685,0.0289,66.6667,71.8789,65.1365,85.3638,14.19,14.165,14.125,14.2325,14.175,14.2146,14.4225,14.125,13.8275,0.2654,100.0,-40.0,0.15,2025-06-25 22:29:13.806666,2025-07-03 14:55:21.216666,"捉腰帶線,光腳,長蠟燭,下跌光頭光腳",,,,偏多,,,,,接近壓力位,,,CCI超買,,,0.5,0.9,,
645,9950,2025-02-25,14.35,14.45,14.2,14.4,67000,71.6159,65.3262,58.8371,54.7384,52.4181,-0.0187,-0.0586,0.0398,88.8889,77.5489,69.274,94.0988,14.24,14.195,14.145,14.2508,14.2096,14.2283,14.4595,14.145,13.8305,0.2643,239.3548,-20.0,0.3,2025-06-25 22:29:13.810000,2025-07-03 14:55:21.216666,,,,,偏多,,,,,接近壓力位,,,CCI超買,WILLR超買,,0.5,1.7000000000000002,,
646,9950,2025-02-26,14.4,14.6,14.3,14.4,42000,71.6159,65.3262,58.8371,54.7384,52.4181,-0.0022,-0.0473,0.0451,66.6667,73.9215,70.8232,80.1182,14.29,14.22,14.165,14.2683,14.2389,14.241,14.4907,14.165,13.8393,0.2668,216.087,-20.0,0.25,2025-06-25 22:29:13.810000,2025-07-03 14:55:21.216666,"十字,風高浪大線,長腿十字,紡錘線",,,,偏多,,,,,接近壓力位,,,CCI超買,WILLR超買,,0.5,1.7000000000000002,,
647,9950,2025-02-27,14.5,14.5,14.2,14.3,35008,54.8127,55.091,53.27,51.6328,50.7602,0.0029,-0.0373,0.0401,50.0,65.9477,69.198,59.447,14.32,14.24,14.1675,14.2842,14.2483,14.2454,14.4966,14.1675,13.8384,0.2692,103.1211,-30.0,0.2,2025-06-25 22:29:13.810000,2025-07-03 14:55:21.220000,"捉腰帶線,空頭吞沒",,,,偏多,,,,K下穿D,接近壓力位,,EMA黃金交叉,CCI超買,,,1.8,1.9,,
648,9950,2025-03-03,14.2,14.2,13.9,13.95,68000,27.0478,33.5967,38.9411,42.5364,45.4743,-0.0211,-0.034,0.0129,7.1429,46.3461,61.5807,15.8768,14.25,14.215,14.1525,14.295,14.2024,14.2235,14.4923,14.1525,13.8127,0.2785,-131.443,-65.0,-0.25,2025-06-25 22:29:13.810000,2025-07-03 14:55:21.220000,"三外部下跌,捉腰帶線,長蠟燭",,,,偏空,底背離,,,,接近支撐位,量能異常,EMA死亡交叉,CCI下穿零軸,,動量轉負,2.7,3.3000000000000003,賣出,空頭3.3分
649,9950,2025-03-04,13.95,13.95,13.7,13.95,80000,27.0478,33.5967,38.9411,42.5364,45.4743,-0.0397,-0.0352,-0.0045,27.7778,40.1566,54.4393,11.5912,14.2,14.195,14.16,14.3058,14.1636,14.2033,14.474,14.16,13.846,0.2765,-198.4674,-72.2222,-0.2,2025-06-25 22:29:13.813333,2025-07-03 14:55:21.220000,"十字,蜻蜓十字,孕線,十字孕線,長腿十字,探水竿",,,死亡交叉,偏空,,,,,接近支撐位,量能異常,,CCI超賣,,,1.6,1.9,,
650,9950,2025-03-05,13.95,14.05,13.85,14.0,33000,34.4584,38.2791,41.7066,44.1661,46.3541,-0.0498,-0.0381,-0.0117,33.3333,37.8822,48.9203,15.806,14.12,14.18,14.1725,14.3217,14.1384,14.1882,14.4361,14.1725,13.9089,0.271,-113.8889,-66.6667,-0.15,2025-06-25 22:29:13.813333,2025-07-03 14:55:21.220000,,跌破MA20,,,偏空,,,,,接近支撐位,,,CCI超賣,,,0.9,2.0,,
651,9950,2025-03-06,14.0,14.0,13.8,13.9,23000,27.4798,32.8707,37.8928,41.6236,44.8348,-0.0651,-0.0435,-0.0216,22.2222,32.6622,43.5009,10.9848,14.02,14.155,14.1475,14.3358,14.1017,14.1669,14.4148,14.1475,13.8802,0.266,-130.0444,-77.7778,-0.25,2025-06-25 22:29:13.813333,2025-07-03 14:55:21.223333,"捉腰帶線,空頭吞沒",,,,偏空,底背離,,,,接近支撐位,,,CCI超賣,,,2.9,0.5,,
652,9950,2025-03-07,13.8,13.95,13.75,13.85,21000,24.3923,30.3679,36.0608,40.3721,44.0764,-0.0804,-0.0509,-0.0295,16.6667,27.3304,38.1107,5.7696,13.93,14.125,14.13,14.35,14.063,14.1434,14.4256,14.13,13.8344,0.2612,-123.8749,-83.3333,-0.3,2025-06-25 22:29:13.816666,2025-07-03 14:55:21.223333,紡錘線,,,,偏空,,,,,接近支撐位,,,CCI超賣,WILLR超賣,,1.7000000000000002,0.5,,
653,9950,2025-03-10,13.85,13.9,13.8,13.8,45000,21.3885,27.8903,34.2224,39.1059,43.3072,-0.0954,-0.0598,-0.0356,11.1111,21.9239,32.7151,0.3416,13.9,14.075,14.1125,14.3633,14.0225,14.118,14.4409,14.1125,13.7841,0.2497,-106.1456,-88.8889,-0.5,2025-06-25 22:29:13.816666,2025-07-03 14:55:21.226666,短蠟燭,,,,偏空,,,,,接近支撐位,,,CCI超賣,WILLR超賣,,1.7000000000000002,0.5,,
654,9950,2025-03-11,13.8,13.8,13.45,13.6,48008,13.2375,20.1997,27.9008,34.4513,40.3496,-0.1221,-0.0722,-0.0498,13.0435,18.9638,28.1314,0.6287,13.83,14.015,14.09,14.3733,13.9575,14.0796,14.487,14.09,13.693,0.2569,-147.7583,-86.9565,-0.6,2025-06-25 22:29:13.816666,2025-07-03 14:55:21.226666,"捉腰帶線,Hikkake 陷阱",,突破下軌,,偏空,,,接近超賣,,接近支撐位,,,CCI超賣,WILLR超賣,,3.0999999999999996,0.5,買入,多頭3.1分
655,9950,2025-03-12,13.6,13.9,13.6,13.6,30000,13.2375,20.1997,27.9008,34.4513,40.3496,-0.1415,-0.0861,-0.0554,14.2857,17.4044,24.5557,3.1019,13.75,13.935,14.065,14.3858,13.9025,14.0441,14.5157,14.065,13.6143,0.26,-101.7463,-86.9565,-0.8,2025-06-25 22:29:13.816666,2025-07-03 14:55:21.226666,"十字,墓碑十字,孕線,十字孕線,長腿十字",,突破下軌,,偏空,,,接近超賣,,接近支撐位,,,CCI超賣,WILLR超賣,,3.0999999999999996,0.5,買入,多頭3.1分
656,9950,2025-03-13,13.5,13.85,13.5,13.55,52000,11.5223,18.4669,26.3959,33.3021,39.6041,-0.1592,-0.1007,-0.0585,13.3333,16.0474,21.7196,4.703,13.68,13.85,14.035,14.3958,13.8483,14.0075,14.5361,14.035,13.5339,0.2664,-105.0342,-91.3043,-0.85,2025-06-25 22:29:13.820000,2025-07-03 14:55:21.230000,倒錘頭,,,,偏空,,,接近超賣,,接近支撐位,,,CCI超賣,WILLR超賣,,2.1,0.5,,
657,9950,2025-03-14,13.55,13.6,13.4,13.6,34050,23.8553,25.8843,30.5576,35.6151,40.7534,-0.1672,-0.114,-0.0532,30.7692,20.9547,21.4646,19.9348,13.63,13.78,14.01,14.41,13.8101,13.9773,14.5444,14.01,13.4756,0.2617,-117.341,-83.3333,-0.7,2025-06-25 22:29:13.820000,2025-07-03 14:55:21.230000,,,,,偏空,,,,,接近支撐位,,,CCI超賣,WILLR超賣,,1.7000000000000002,0.5,,
658,9950,2025-03-17,13.75,13.9,13.65,13.65,43000,35.154,32.9958,34.6624,37.9331,41.9141,-0.1676,-0.1247,-0.0429,38.4615,26.7903,23.2399,33.8912,13.6,13.75,13.9825,14.4242,13.7855,13.953,14.5314,13.9825,13.4336,0.2644,-54.0958,-79.1667,-0.3,2025-06-25 22:29:13.820000,2025-07-03 14:55:21.230000,光腳,,,,偏空,,,,K上穿D,接近支撐位,,,,,,1.0,0.5,,
659,9950,2025-03-18,13.65,13.65,13.6,13.6,18000,29.6538,29.674,32.5261,36.5173,41.0693,-0.17,-0.1338,-0.0362,33.3333,28.9713,25.1503,36.6132,13.6,13.715,13.955,14.4167,13.7569,13.9269,14.5224,13.955,13.3876,0.2491,-83.3625,-83.3333,-0.35,2025-06-25 22:29:13.820000,2025-07-03 14:55:21.230000,短蠟燭,,,,偏空,,,,,接近支撐位,,,,WILLR超賣,,0.8,0.5,,
660,9950,2025-03-19,13.75,13.75,13.55,13.55,17000,24.8029,26.555,30.4415,35.1062,40.2182,-0.1739,-0.1418,-0.0321,27.2727,28.4051,26.2353,32.7448,13.59,13.67,13.925,14.4025,13.7251,13.899,14.5111,13.925,13.3389,0.2456,-74.3405,-87.5,-0.45,2025-06-25 22:29:13.823333,2025-07-03 14:55:21.233333,"捉腰帶線,光腳,長蠟燭,下跌光頭光腳",,,,偏空,,,,,接近支撐位,,,,WILLR超賣,,0.8,0.5,,
661,9950,2025-03-20,13.65,13.65,13.5,13.5,30161,20.5923,23.6544,28.4179,33.7036,39.3616,-0.179,-0.1492,-0.0297,20.0,25.6034,26.0246,24.7609,13.58,13.63,13.8925,14.3808,13.6905,13.8694,14.4969,13.8925,13.2881,0.2388,-94.7195,-91.6667,-0.4,2025-06-25 22:29:13.823333,2025-07-03 14:55:21.233333,"捉腰帶線,光腳,長蠟燭,下跌光頭光腳",,,,偏空,,,接近超賣,K下穿D,接近支撐位,,,,WILLR超賣,,1.2000000000000002,1.5,,
662,9950,2025-03-21,13.55,13.7,13.5,13.6,25153,44.2523,39.1607,37.6314,38.9564,41.9575,-0.1729,-0.154,-0.019,40.0,30.4023,27.4839,36.2391,13.58,13.605,13.865,14.36,13.6765,13.8495,14.4701,13.865,13.2599,0.236,-62.8704,-83.3333,-0.25,2025-06-25 22:29:13.823333,2025-07-03 14:55:21.233333,"孕線,紡錘線",,,,偏空,,,,K上穿D,,,,,WILLR超賣,,1.8,0.5,,
663,9950,2025-03-24,13.6,13.7,13.6,13.6,39000,44.2523,39.1607,37.6314,38.9564,41.9575,-0.1662,-0.1564,-0.0098,40.0,33.6015,29.5231,41.7584,13.57,13.585,13.83,14.3342,13.6648,13.831,14.4109,13.83,13.2491,0.2263,-38.6546,-83.3333,-0.2,2025-06-25 22:29:13.823333,2025-07-03 14:55:21.236666,"十字,墓碑十字,長腿十字",,,,偏空,,,,,,,,,WILLR超賣,,0.8,0.5,,
664,9950,2025-03-25,13.7,13.7,13.5,13.6,26010,44.2523,39.1607,37.6314,38.9564,41.9575,-0.1591,-0.1569,-0.0021,40.0,35.7343,31.5935,44.016,13.57,13.585,13.8,14.2833,13.6548,13.8139,14.363,13.8,13.237,0.2244,-51.8519,-83.3333,0.0,2025-06-25 22:29:13.826666,2025-07-03 14:55:21.236666,"捉腰帶線,空頭吞沒",,,,偏空,,,,,,,,,WILLR超賣,,0.8,0.5,,
665,9950,2025-03-26,13.6,13.6,13.5,13.55,17000,34.2782,33.7225,34.5788,37.1197,40.943,-0.1556,-0.1567,0.001,30.0,33.8229,32.3366,36.7954,13.57,13.58,13.7575,14.2192,13.6387,13.7943,14.2578,13.7575,13.2572,0.2155,-86.5762,-87.5,-0.05,2025-06-25 22:29:13.826666,2025-07-03 14:55:21.236666,短蠟燭,,,黃金交叉,偏空,,,,,,,,,WILLR超賣,動量轉負,2.2,1.1,,
666,9950,2025-03-27,13.55,13.6,13.3,13.6,49000,48.7245,42.9632,39.9878,40.1581,42.4053,-0.1472,-0.1548,0.0076,50.0,39.2153,34.6295,48.3868,13.59,13.585,13.7175,14.165,13.6327,13.7799,14.1253,13.7175,13.3097,0.2215,-136.1662,-75.0,0.05,2025-06-25 22:29:13.826666,2025-07-03 14:55:21.240000,,,,,偏空,,,,,,,,CCI超賣,,動量轉正,1.5,0.5,,
667,9950,2025-03-28,13.45,13.5,13.1,13.1,89000,13.0015,16.3568,20.8414,26.4134,33.6556,-0.1788,-0.1596,-0.0192,0.0,26.1435,31.8008,14.8288,13.49,13.535,13.6575,14.1192,13.5508,13.7296,14.0578,13.6575,13.2572,0.2414,-303.8031,-100.0,-0.5,2025-06-25 22:29:13.826666,2025-07-03 14:55:21.240000,光腳,,突破下軌,死亡交叉,偏空,底背離,Anomaly,超賣,K下穿D,接近支撐位,量能異常,,CCI超賣,WILLR超賣,動量轉負,6.6000000000000005,3.5,賣出,空頭3.5分
668,9950,2025-03-31,13.05,13.05,12.45,12.7,142000,7.5016,10.3656,14.6194,20.3984,28.684,-0.2334,-0.1744,-0.0591,19.2308,23.8393,29.147,13.2238,13.31,13.44,13.595,14.0775,13.4199,13.6533,14.1526,13.595,13.0374,0.2706,-337.4359,-84.375,-0.95,2025-06-25 22:29:13.830000,2025-07-03 14:55:21.240000,捉腰帶線,,突破下軌,,偏空,,,超賣,,接近支撐位,量能異常,,CCI超賣,WILLR超賣,,4.6000000000000005,0.5,強烈買入,多頭4.6分
669,9950,2025-04-01,12.95,13.15,12.8,13.15,36000,42.0026,39.4669,37.8227,37.6113,39.2793,-0.2377,-0.187,-0.0506,56.0,34.5595,30.9512,41.7762,13.22,13.395,13.555,14.0375,13.3784,13.616,14.1197,13.555,12.9903,0.2834,-144.5008,-56.25,-0.45,2025-06-25 22:29:13.830000,2025-07-03 14:55:21.243333,"光頭,下降跳空三法",,,,偏空,,,,K上穿D,接近支撐位,,,CCI超賣,,,1.9,0.5,,
670,9950,2025-04-02,13.15,13.15,13.05,13.15,11000,42.0026,39.4669,37.8227,37.6113,39.2793,-0.2383,-0.1973,-0.041,56.0,41.7063,34.5362,56.0466,13.14,13.355,13.5125,14.0067,13.3432,13.5815,14.0647,13.5125,12.9603,0.2703,-91.3343,-54.8387,-0.4,2025-06-25 22:29:13.830000,2025-07-03 14:55:21.243333,"十字,蜻蜓十字,上吊線,孕線,十字孕線,長腿十字,探水竿",,,,偏空,,,,,接近支撐位,,,,,,0.0,0.5,,
671,9950,2025-04-07,11.85,11.85,11.85,11.85,52000,15.6514,17.3357,19.2066,21.8101,26.6627,-0.3397,-0.2258,-0.114,0.0,27.8042,32.2922,18.8282,12.79,13.19,13.41,13.9567,13.1135,13.4532,14.2963,13.41,12.5237,0.3439,-263.116,-100.0,-1.65,2025-06-25 22:29:13.830000,2025-07-03 14:55:21.243333,"十字,短蠟燭",,突破下軌,,偏空,,Anomaly,超賣,K下穿D,接近支撐位,,,CCI超賣,WILLR超賣,,3.9000000000000004,1.5,買入,多頭3.9分
672,9950,2025-04-08,11.0,11.25,10.7,10.85,304000,9.7623,11.5322,13.5193,16.1793,21.1705,-0.4951,-0.2796,-0.2155,5.0,20.2028,28.2624,4.0836,12.34,12.915,13.26,13.8892,12.7653,13.2604,14.6627,13.26,11.8573,0.4015,-260.843,-95.3125,-2.75,2025-06-25 22:29:13.830000,2025-07-03 14:55:21.246666,,,突破下軌,,偏空,,,超賣,,接近支撐位,量能異常,,CCI超賣,WILLR超賣,,4.6000000000000005,0.5,強烈買入,多頭4.6分
673,9950,2025-04-09,10.9,10.9,9.77,9.96,257000,6.8817,8.5576,10.4572,12.9699,17.753,-0.6822,-0.3602,-0.3221,4.9608,15.1222,23.8823,-2.3982,11.792,12.551,13.068,13.8027,12.3337,13.0159,15.0529,13.068,11.0831,0.4535,-215.8575,-95.3995,-3.64,2025-06-25 22:29:13.830000,2025-07-03 14:55:21.246666,捉腰帶線,,突破下軌,,偏空,,,超賣,,接近支撐位,量能異常,,CCI超賣,WILLR超賣,,4.6000000000000005,0.5,強烈買入,多頭4.6分
674,9950,2025-04-10,10.95,10.95,10.3,10.95,173000,33.9722,31.4907,30.0415,29.6798,30.8,-0.7421,-0.4365,-0.3055,30.8094,20.3512,22.7053,15.6431,11.352,12.286,12.9355,13.7352,12.1208,12.8629,15.1058,12.9355,10.7652,0.4918,-130.0344,-71.4286,-2.65,2025-06-25 22:29:13.833333,2025-07-03 14:55:21.246666,"十字,蜻蜓十字,上吊線,長腿十字,探水竿",,,,偏空,,,超賣,,接近支撐位,量能異常,,CCI超賣,,,2.8,0.5,,
675,9950,2025-04-11,10.45,11.1,10.45,11.0,84035,35.163,32.4883,30.8897,30.4066,31.3773,-0.7765,-0.5045,-0.272,32.9759,24.5594,23.3233,27.0316,10.922,12.031,12.8055,13.6743,11.9484,12.7249,15.1084,12.8055,10.5026,0.5031,-97.2562,-70.2179,-2.55,2025-06-25 22:29:13.833333,2025-07-03 14:55:21.250000,"捉腰帶線,長蠟燭",,,,偏空,,,接近超賣,K上穿D,,,,,,,1.4,0.5,,
676,9950,2025-04-14,11.05,11.1,10.7,11.0,33010,35.163,32.4883,30.8897,30.4066,31.3773,-0.7947,-0.5626,-0.2321,36.3905,28.5031,25.0499,35.4095,10.752,11.771,12.678,13.616,11.8025,12.5971,15.0821,12.678,10.2739,0.4958,-76.9205,-70.2179,-2.6,2025-06-25 22:29:13.833333,2025-07-03 14:55:21.250000,,,,,偏空,,,接近超賣,,,,,,,,0.4,0.5,,
677,9950,2025-04-15,11.15,12.0,11.05,11.95,67000,57.7725,50.9575,46.1928,43.3158,41.5851,-0.724,-0.5949,-0.1292,64.497,40.5011,30.2003,61.1027,10.972,11.656,12.5955,13.5727,11.8252,12.5492,14.9805,12.5955,10.2105,0.5318,-28.266,-47.2155,-1.15,2025-06-25 22:29:13.833333,2025-07-03 14:55:21.250000,長蠟燭,,,,偏空,,,,,,,,,,,0.0,0.5,,
678,9950,2025-04-16,11.55,11.7,11.5,11.7,17030,51.8275,47.0091,43.3839,41.1524,39.9433,-0.6804,-0.612,-0.0684,57.1006,46.0343,35.4783,67.1462,11.32,11.556,12.498,13.5268,11.8059,12.4863,14.862,12.498,10.134,0.5259,-23.7343,-51.5075,-1.0,2025-06-25 22:29:13.836666,2025-07-03 14:55:21.250000,"孕線,短蠟燭",,,,偏空,,,,,,,,,,,0.0,0.5,,
679,9950,2025-04-17,11.25,11.75,11.0,11.7,19000,51.8275,47.0091,43.3839,41.1524,39.9433,-0.6384,-0.6173,-0.0212,86.5471,59.5385,43.4984,91.6188,11.47,11.411,12.403,13.481,11.7896,12.4281,14.7347,12.403,10.0713,0.5419,-26.9436,-51.5075,-1.45,2025-06-25 22:29:13.836666,2025-07-03 14:55:21.250000,,,,,偏空,,,,,,,,,,,0.0,0.5,,
680,9950,2025-04-18,11.75,11.8,11.7,11.7,28000,51.8275,47.0091,43.3839,41.1524,39.9433,-0.5983,-0.6135,0.0152,86.5471,68.5414,51.8461,101.9321,11.61,11.266,12.3105,13.4368,11.7758,12.3741,14.5992,12.3105,10.0218,0.5104,0.768,-50.8906,-1.45,2025-06-25 22:29:13.836666,2025-07-03 14:55:21.253333,"十字,短蠟燭",,,黃金交叉,偏空,,,,,,,,CCI上穿零軸,,,2.3,0.5,,
681,9950,2025-04-21,11.3,11.55,11.25,11.55,41000,46.2501,43.7773,41.3161,39.6678,38.8772,-0.572,-0.6052,0.0332,79.8206,72.3011,58.6644,99.5746,11.72,11.236,12.213,13.3993,11.7411,12.3131,14.4564,12.213,9.9696,0.5061,-14.9709,-54.7074,-0.3,2025-06-25 22:29:13.836666,2025-07-03 14:55:21.253333,短蠟燭,,,,偏空,,,,,,,,CCI下穿零軸,,,0.0,1.4,,
682,9950,2025-04-22,10.8,11.45,10.8,11.4,10000,40.7664,40.5268,39.2381,38.1842,37.8174,-0.5568,-0.5955,0.0387,64.7059,69.7694,62.3661,84.576,11.61,11.291,12.103,13.3577,11.6886,12.2454,14.2783,12.103,9.9277,0.5235,-30.972,-58.5242,0.55,2025-06-25 22:29:13.840000,2025-07-03 14:55:21.256666,"捉腰帶線,光頭,長蠟燭,上漲光頭光腳",,,,偏空,,,,,,,,,,動量轉正,0.6,0.5,,
683,9950,2025-04-23,11.7,11.7,11.5,11.7,31000,54.3098,49.3091,45.3465,42.7924,41.1844,-0.5147,-0.5793,0.0647,80.6452,73.3946,66.0423,88.0994,11.61,11.465,12.008,13.3177,11.6904,12.205,14.0768,12.008,9.9392,0.5075,33.0164,-50.8906,1.74,2025-06-25 22:29:13.840000,2025-07-03 14:55:21.256666,"十字,十字星,蜻蜓十字,上吊線,長腿十字,探水竿",,,,偏空,,,,,,,,CCI上穿零軸,,,0.9,0.5,,
684,9950,2025-04-24,11.7,11.7,11.65,11.65,17000,51.8404,47.9328,44.5178,42.2274,40.7978,-0.4798,-0.5594,0.0797,73.0769,73.2887,68.4578,82.9507,11.6,11.535,11.9105,13.2785,11.6842,12.1639,13.8498,11.9105,9.9712,0.4748,62.7919,-50.9138,0.7,2025-06-25 22:29:13.840000,2025-07-03 14:55:21.260000,"空頭吞沒,短蠟燭",,,,偏空,,,,,,,,,,,0.0,0.5,,
685,9950,2025-04-25,11.9,12.0,11.65,12.0,19000,65.5474,57.5982,51.423,47.4572,44.6188,-0.419,-0.5313,0.1123,100.0,82.1925,73.036,100.5055,11.66,11.635,11.833,13.2452,11.7327,12.1518,13.6221,11.833,10.0439,0.4659,97.5765,-41.7755,1.0,2025-06-25 22:29:13.840000,2025-07-03 14:55:21.260000,上吊線,,,,偏多,,,,,,,,,,,0.5,0.0,,
686,9950,2025-04-28,12.15,12.5,11.85,12.05,39000,67.2137,58.8707,52.3641,48.1789,45.1498,-0.3627,-0.4976,0.1349,73.5294,79.3048,75.1256,87.6632,11.76,11.74,11.7555,13.2127,11.7816,12.1442,13.356,11.7555,10.155,0.4791,121.3227,-38.874,1.05,2025-06-25 22:29:13.840000,2025-07-03 14:55:21.260000,"風高浪大線,紡錘線",突破MA20,,,偏多,,,,,,,,CCI超買,,,2.0,0.9,,
687,9950,2025-04-29,12.3,12.6,12.15,12.45,17000,77.9017,67.8702,59.362,53.6623,49.2382,-0.2825,-0.4546,0.1721,91.6667,83.4254,77.8922,94.4918,11.97,11.79,11.723,13.1827,11.8844,12.1669,13.2371,11.723,10.2089,0.4841,161.6746,-20.7101,0.5,2025-06-25 22:29:13.840000,2025-07-03 14:55:21.260000,紡錘線,,,,偏多,,,,,,,,CCI超買,,,0.5,0.9,,
688,9950,2025-04-30,12.5,12.6,12.35,12.5,48000,78.9728,68.8637,60.1746,54.3131,49.73,-0.2125,-0.4062,0.1937,94.4444,87.0984,80.9609,99.3734,12.13,11.87,11.713,13.1535,11.9791,12.1916,13.2036,11.713,10.2224,0.4674,162.2378,-19.2308,0.8,2025-06-25 22:29:13.840000,2025-07-03 14:55:21.263333,"十字,風高浪大線,長腿十字,黃包車夫,紡錘線",,,,偏多,,,,KD超買,,,,CCI超買,WILLR超買,,0.5,2.7,,
689,9950,2025-05-02,12.35,12.8,12.2,12.6,57043,81.2453,70.9591,61.8689,55.6545,50.7323,-0.1472,-0.3544,0.2072,90.0,88.0656,83.3292,97.5385,12.32,11.96,11.6855,13.1335,12.0746,12.2218,13.0866,11.6855,10.2844,0.4769,138.3279,-16.2722,0.9,2025-06-25 22:29:13.840000,2025-07-03 14:55:21.263333,,,,,偏多,,,,KD超買,,,,CCI超買,WILLR超買,,0.5,2.7,,
690,9950,2025-05-05,12.75,12.75,11.8,12.4,32000,63.9634,61.3288,56.5249,52.3443,48.6934,-0.1103,-0.3056,0.1952,80.0,85.3771,84.0118,88.1076,12.4,12.03,11.648,13.111,12.1247,12.235,12.925,11.648,10.371,0.5107,82.4311,-13.2013,0.7,2025-06-25 22:29:13.843333,2025-07-03 14:55:21.266666,捉腰帶線,,,,偏多,,,,KD超買,,,,,WILLR超買,,0.5,1.8,,
691,9950,2025-05-06,12.1,12.35,12.05,12.35,26203,59.9766,58.9936,55.2005,51.5193,48.185,-0.0842,-0.2613,0.1771,65.3846,78.7129,82.2455,71.6477,12.46,12.11,11.673,13.0768,12.1593,12.2435,12.984,11.673,10.362,0.4992,59.4979,-14.8515,0.8,2025-06-25 22:29:13.843333,2025-07-03 14:55:21.266666,"光頭,長蠟燭",,,,偏多,,,,K下穿D,,,,,WILLR超買,,0.5,1.8,,
692,9950,2025-05-07,12.5,12.5,11.95,12.15,63090,45.7262,50.0926,49.9942,48.2439,46.161,-0.0787,-0.2248,0.1461,43.4783,66.968,77.153,46.5981,12.4,12.185,11.738,13.0427,12.1579,12.2366,13.0075,11.738,10.4685,0.5028,43.3862,-21.4521,0.75,2025-06-25 22:29:13.843333,2025-07-03 14:55:21.266666,"捉腰帶線,烏雲蓋頂",,,,偏多,,,,,,,,,,,0.5,0.0,,
693,9950,2025-05-08,12.15,12.15,12.05,12.15,21045,45.7262,50.0926,49.9942,48.2439,46.161,-0.0735,-0.1945,0.121,43.4783,59.1381,71.1481,35.1182,12.33,12.23,11.8475,13.0093,12.1567,12.2302,12.8301,11.8475,10.8649,0.4741,22.2331,-26.0,0.45,2025-06-25 22:29:13.843333,2025-07-03 14:55:21.270000,"十字,蜻蜓十字,孕線,十字孕線,長腿十字,短蠟燭,探水竿",,,,偏多,,,,,,,,,,,0.5,0.0,,
694,9950,2025-05-09,12.3,12.5,12.2,12.2,13000,50.3357,52.5297,51.4087,49.1807,46.7772,-0.0646,-0.1685,0.1039,40.0,52.7587,65.0183,28.2397,12.25,12.285,11.91,12.9785,12.1634,12.228,12.812,11.91,11.008,0.4652,51.119,-25.5319,0.55,2025-06-25 22:29:13.843333,2025-07-03 14:55:21.270000,"Hikkake 陷阱,射擊星",,,,偏多,,,,,,,,,,,0.5,0.0,,
695,9950,2025-05-12,12.1,12.1,11.5,12.1,34000,41.52,47.1564,48.3683,47.3354,45.6793,-0.0649,-0.1478,0.0829,46.1538,50.5571,60.1979,31.2755,12.19,12.295,11.965,12.9452,12.1536,12.2185,12.7669,11.965,11.1631,0.482,-39.2021,-33.3333,0.1,2025-06-25 22:29:13.843333,2025-07-03 14:55:21.270000,"十字,蜻蜓十字,錘頭,長腿十字,探水竿",,,,偏多,,,,,,,,CCI下穿零軸,,,0.5,0.9,,
696,9950,2025-05-13,12.05,12.05,11.85,11.95,27000,31.256,39.9967,44.0285,44.6302,44.0509,-0.0763,-0.1335,0.0572,34.6154,45.2432,55.213,25.3036,12.11,12.285,12.0125,12.9085,12.1223,12.1986,12.6817,12.0125,11.3433,0.4654,-51.1605,-42.5,-0.1,2025-06-25 22:29:13.843333,2025-07-03 14:55:21.270000,"Hikkake 陷阱,短蠟燭",,,,偏空,底背離,,,,,,,,,動量轉負,2.0,1.1,,
697,9950,2025-05-14,11.75,11.95,11.75,11.9,14000,28.3372,37.7667,42.6124,43.7331,43.508,-0.0884,-0.1245,0.0361,30.7692,40.4185,50.2815,20.6926,12.06,12.23,12.01,12.8718,12.0881,12.1765,12.6805,12.01,11.3395,0.4464,-86.8914,-45.0,-0.55,2025-06-25 22:29:13.843333,2025-07-03 14:55:21.273333,"Hikkake 陷阱,短蠟燭",,,,偏空,底背離,,,,,,,,,,2.0,0.5,,
698,9950,2025-05-15,11.9,12.0,11.7,11.95,47000,35.828,41.5675,44.5925,44.9254,44.2297,-0.0929,-0.1182,0.0253,36.0,38.9457,46.5029,23.8313,12.02,12.175,12.0225,12.8343,12.0668,12.1597,12.6786,12.0225,11.3664,0.436,-93.3333,-42.5,-0.55,2025-06-25 22:29:13.843333,2025-07-03 14:55:21.273333,紡錘線,跌破MA20,,,偏空,,,,,,量能異常,,,,,0.7,2.0,,
699,9950,2025-05-16,11.65,12.0,11.65,12.0,16000,43.2437,45.454,46.6382,46.1541,44.9678,-0.0913,-0.1128,0.0215,50.0,42.6305,45.2121,37.4672,11.98,12.115,12.0375,12.7985,12.0566,12.1479,12.6769,12.0375,11.3981,0.4298,-93.3333,-40.0,-0.6,2025-06-25 22:29:13.846666,2025-07-03 14:55:21.276666,"捉腰帶線,光頭,長蠟燭,上漲光頭光腳",,,,偏空,,,,,,,,,,,0.0,0.5,,
700,9950,2025-05-19,12.0,12.2,12.0,12.0,7000,43.2437,45.454,46.6382,46.1541,44.9678,-0.0891,-0.108,0.019,50.0,45.087,45.1704,44.9202,11.96,12.075,12.0525,12.7627,12.0479,12.1369,12.6734,12.0525,11.4316,0.4134,-28.7968,-40.0,-0.4,2025-06-25 22:29:13.846666,2025-07-03 14:55:21.276666,"十字,墓碑十字,孕線,十字孕線,長腿十字",,,,偏空,,,,,,,,,,,0.0,0.5,,
701,9950,2025-05-20,11.9,11.95,11.85,11.95,8000,36.6297,41.6806,44.605,44.99,44.3211,-0.0903,-0.1045,0.0142,45.0,45.058,45.1329,44.9081,11.96,12.035,12.0725,12.726,12.0328,12.1231,12.6517,12.0725,11.4933,0.3946,-68.9855,-42.5,-0.4,2025-06-25 22:29:13.846666,2025-07-03 14:55:21.276666,"錘頭,短蠟燭",,,,偏空,,,,,,,,,,,0.0,0.5,,
702,9950,2025-05-21,11.95,11.95,11.75,11.95,18161,36.6297,41.6806,44.605,44.99,44.3211,-0.0902,-0.1016,0.0114,45.0,45.0387,45.1015,44.913,11.97,12.015,12.1,12.6893,12.0201,12.1102,12.595,12.1,11.605,0.3807,-71.4556,-65.3846,-0.2,2025-06-25 22:29:13.846666,2025-07-03 14:55:21.276666,"十字,蜻蜓十字,上吊線,長腿十字,探水竿",,,,偏空,,,,,,,,,,,0.0,0.5,,
703,9950,2025-05-22,11.95,11.95,11.8,11.8,48000,21.3343,31.1286,38.4042,41.3604,42.3085,-0.1011,-0.1015,0.0005,42.8571,44.3115,44.8382,43.2581,11.94,11.98,12.105,12.6477,11.9862,12.0873,12.5855,12.105,11.6245,0.3642,-76.2427,-76.9231,-0.35,2025-06-25 22:29:13.846666,2025-07-03 14:55:21.393333,,,,,偏空,,,,,接近支撐位,量能異常,,,,,0.7,0.5,,
704,9950,2025-05-23,11.9,12.5,11.9,12.25,59000,69.3417,63.4842,57.9088,53.4845,49.5279,-0.0725,-0.0957,0.0232,70.5882,53.0704,47.5822,64.0467,11.99,11.985,12.135,12.6152,12.0268,12.0993,12.571,12.135,11.699,0.3882,89.1204,-42.3077,0.05,2025-06-25 22:29:13.846666,2025-07-03 14:55:21.396666,,,,,偏多,頂背離,,,K上穿D,,量能異常,,CCI上穿零軸,,動量轉正,3.7,2.0,買入,多頭3.7分
705,9950,2025-05-26,12.5,12.6,12.25,12.3,52000,71.7372,65.5803,59.4923,54.6075,50.2542,-0.0454,-0.0856,0.0403,68.4211,58.1873,51.1173,72.3273,12.05,12.005,12.15,12.5802,12.0688,12.1142,12.587,12.15,11.713,0.3855,149.3534,-38.4615,0.2,2025-06-25 22:29:13.846666,2025-07-03 14:55:21.396666,,,,,偏多,,,,,,量能異常,,CCI超買,,,1.2,0.9,,
706,9950,2025-05-27,12.35,12.5,12.2,12.4,44000,76.3559,69.646,62.6177,56.8512,51.7133,-0.0156,-0.0716,0.056,78.9474,65.1073,55.7806,83.7607,12.14,12.05,12.1675,12.5468,12.1198,12.1354,12.615,12.1675,11.72,0.3794,126.3889,-30.7692,0.45,2025-06-25 22:29:13.846666,2025-07-03 14:55:21.400000,,,,,偏多,,,,,接近壓力位,,,CCI超買,,,0.5,0.9,,
707,9950,2025-05-28,12.4,12.45,12.2,12.3,67000,63.4041,61.2107,57.6735,53.9779,50.1682,-0.0001,-0.0573,0.0573,68.4211,66.2119,59.2577,80.1203,12.21,12.09,12.16,12.5135,12.1475,12.1476,12.5931,12.16,11.7269,0.3701,92.5725,-38.4615,0.4,2025-06-25 22:29:13.846666,2025-07-03 14:55:21.403333,空頭吞沒,突破MA20,,,偏多,,,,,,量能異常,,,,,2.7,0.0,,
708,9950,2025-05-29,12.0,12.4,12.0,12.3,49000,63.4041,61.2107,57.6735,53.9779,50.1682,0.0121,-0.0434,0.0555,64.7059,65.7099,61.4084,74.3128,12.31,12.125,12.15,12.486,12.171,12.1588,12.5599,12.15,11.7401,0.3723,66.6045,-38.4615,0.35,2025-06-25 22:29:13.846666,2025-07-03 14:55:21.403333,,,,,偏多,,,,,,,EMA黃金交叉,,,,1.8,0.0,,
709,9950,2025-06-02,12.15,12.35,11.7,11.95,31000,32.8922,38.815,43.0021,44.7891,44.9822,-0.0064,-0.036,0.0296,27.7778,53.0659,58.6276,41.9424,12.25,12.12,12.1175,12.4527,12.137,12.1434,12.4798,12.1175,11.7552,0.3921,-22.0721,-64.0,-0.05,2025-06-25 22:29:13.850000,2025-07-03 14:55:21.406666,,,,,偏空,,,,K下穿D,接近支撐位,,EMA死亡交叉,CCI下穿零軸,,動量轉負,0.0,4.3,強烈賣出,空頭4.3分
710,9950,2025-06-03,11.8,12.1,11.8,11.85,16000,28.0682,34.5957,39.7888,42.5599,43.6292,-0.0288,-0.0346,0.0058,16.6667,40.9328,52.7293,17.3397,12.16,12.105,12.09,12.4168,12.0928,12.1216,12.4458,12.09,11.7342,0.3855,-52.0992,-68.1818,-0.15,2025-06-25 22:29:13.850000,2025-07-03 14:55:21.410000,,,,,偏空,,,,,接近支撐位,,,,,,0.0,0.5,,
711,9950,2025-06-04,11.7,12.1,11.7,12.05,27182,47.3664,47.8284,48.3632,48.1213,46.9783,-0.0301,-0.0337,0.0036,38.8889,40.2515,48.57,23.6144,12.09,12.115,12.075,12.386,12.0862,12.1163,12.4104,12.075,11.7396,0.3866,-43.091,-50.0,0.1,2025-06-25 22:29:13.850000,2025-07-03 14:55:21.410000,,,,,偏空,,,,,,,,,,動量轉正,0.6,0.5,,
712,9950,2025-06-05,11.85,11.95,11.8,11.95,7000,40.5646,42.7795,44.8175,45.7369,45.5573,-0.0387,-0.0347,-0.004,27.7778,36.0936,44.4112,19.4583,12.02,12.115,12.065,12.3543,12.0653,12.104,12.4028,12.065,11.7272,0.3768,-63.1752,-59.0909,0.0,2025-06-25 22:29:13.850000,2025-07-03 14:55:21.410000,,跌破MA20,,死亡交叉,偏空,,,,,接近支撐位,,,,,,0.0,3.4,賣出,空頭3.4分
713,9950,2025-06-06,11.9,12.0,11.75,12.0,17000,45.4596,46.0987,46.9771,47.1471,46.4084,-0.0411,-0.036,-0.0051,33.3333,35.1735,41.332,22.8565,11.96,12.135,12.0575,12.3243,12.0552,12.0963,12.3941,12.0575,11.7209,0.3677,-58.3333,-54.5455,0.2,2025-06-25 22:29:13.850000,2025-07-03 14:55:21.413333,,,,,偏空,,,,,,,,,,動量轉正,0.6,0.5,,
714,9950,2025-06-09,12.0,12.0,11.8,11.95,24000,41.2165,43.1767,45.0195,45.8635,45.6589,-0.0464,-0.0381,-0.0084,31.25,33.8657,38.8432,23.9106,11.96,12.105,12.045,12.2968,12.039,12.0855,12.378,12.045,11.712,0.3558,-51.8519,-59.0909,-0.3,2025-06-25 22:29:13.853333,2025-07-03 14:55:21.416666,上吊線,,,,偏空,,,,,,,,,,動量轉負,0.0,1.1,,
715,9950,2025-06-10,11.75,12.0,11.7,11.95,29000,41.2165,43.1767,45.0195,45.8635,45.6589,-0.0501,-0.0405,-0.0096,33.3333,33.6882,37.1249,26.8149,11.98,12.07,12.0375,12.2693,12.0253,12.0754,12.372,12.0375,11.703,0.3518,-62.8716,-68.4211,-0.35,2025-06-25 22:29:13.853333,2025-07-03 14:55:21.416666,長蠟燭,,,,偏空,,,,,,,,,,,0.0,0.5,,
716,9950,2025-06-11,12.8,12.8,12.0,12.05,84004,54.4908,51.5386,50.1489,49.0791,47.5274,-0.0444,-0.0413,-0.0032,31.8182,33.0649,35.7715,27.6515,11.98,12.035,12.0425,12.2443,12.0291,12.0736,12.3746,12.0425,11.7104,0.3874,71.8599,-65.2174,-0.35,2025-06-25 22:29:13.853333,2025-07-03 14:55:21.423333,"捉腰帶線,長蠟燭",,,,偏多,,,,,,量能異常,,CCI上穿零軸,,,2.1,0.0,,
717,9950,2025-06-12,12.0,12.25,12.0,12.15,12275,64.5089,58.6394,54.8311,52.1406,49.3558,-0.0315,-0.0393,0.0078,40.9091,35.6796,35.7409,35.557,12.02,12.02,12.055,12.2202,12.0477,12.0792,12.3835,12.055,11.7265,0.3776,12.2449,-56.5217,-0.15,2025-06-25 22:29:13.856666,2025-07-03 14:55:21.423333,,,,黃金交叉,偏多,,,,,接近壓力位,,,,,,1.9,0.0,,
718,9950,2025-06-13,12.1,12.1,11.9,11.95,20000,41.6097,43.699,45.3629,46.1628,45.9905,-0.0369,-0.0388,0.0019,22.7273,31.3622,34.2813,25.5239,12.01,11.985,12.055,12.1918,12.0327,12.0696,12.3835,12.055,11.7265,0.3684,-39.042,-73.913,-0.35,2025-06-25 22:29:13.856666,2025-07-03 14:55:21.426666,短蠟燭,,,,偏空,,,,,接近支撐位,,,CCI下穿零軸,,,0.0,1.4,,
719,9950,2025-06-16,11.5,12.1,11.5,11.9,18000,37.4548,40.6763,43.2866,44.7806,45.1818,-0.0448,-0.04,-0.0048,30.7692,31.1645,33.2424,27.0088,12.0,11.98,12.05,12.1635,12.0123,12.0571,12.3847,12.05,11.7153,0.385,-89.319,-69.2308,-0.05,2025-06-25 22:29:13.856666,2025-07-03 14:55:21.426666,捉腰帶線,,,死亡交叉,偏空,,,,,接近支撐位,,,,,,0.0,1.9,,
720,9950,2025-06-17,11.9,11.95,11.8,11.9,17000,37.4548,40.6763,43.2866,44.7806,45.1818,-0.0504,-0.0421,-0.0083,30.7692,31.0328,32.5058,28.0866,11.99,11.985,12.045,12.136,11.995,12.0454,12.3854,12.045,11.7046,0.3682,-64.3471,-69.2308,0.05,2025-06-25 22:29:13.856666,2025-07-03 14:55:21.430000,"十字,孕線,十字孕線,風高浪大線,長腿十字,黃包車夫,紡錘線",,,,偏空,,,,,接近支撐位,,,,,動量轉正,0.6,0.5,,
721,9950,2025-06-18,11.95,11.95,11.8,11.95,25010,45.8961,45.781,46.3199,46.6338,46.2243,-0.0503,-0.0437,-0.0065,34.6154,32.227,32.4129,31.8551,11.97,11.975,12.045,12.1102,11.9881,12.0384,12.3854,12.045,11.7046,0.3526,-51.8519,-65.3846,-0.1,2025-06-25 22:29:13.856666,2025-07-03 14:55:21.433333,"十字,蜻蜓十字,上吊線,長腿十字,探水竿",,,,偏空,,,,,,,,,,動量轉負,0.0,1.1,,
722,9950,2025-06-19,11.9,11.95,11.45,11.95,39000,45.8961,45.781,46.3199,46.6338,46.2243,-0.0496,-0.0449,-0.0047,37.037,33.8303,32.8854,35.7202,11.93,11.975,12.045,12.0827,11.9822,12.0318,12.3854,12.045,11.7046,0.3631,-127.4394,-62.963,0.0,2025-06-25 22:29:13.856666,2025-07-03 14:55:21.436666,上吊線,,,,偏空,,,,K上穿D,,,,CCI超賣,,,1.9,0.5,,
723,9950,2025-06-20,11.8,11.9,11.7,11.8,15000,28.1115,33.8776,38.6614,41.7578,43.4888,-0.0605,-0.048,-0.0124,25.9259,31.1955,32.3221,28.9424,11.9,11.955,12.045,12.0527,11.9542,12.0147,12.3854,12.045,11.7046,0.3551,-102.594,-74.0741,-0.2,2025-06-25 22:29:13.856666,2025-07-03 14:55:21.440000,"十字,風高浪大線,長腿十字,黃包車夫,紡錘線",,,,偏空,,,,K下穿D,接近支撐位,,,CCI超賣,,動量轉負,0.9,2.1,,
724,9950,2025-06-23,11.55,11.8,11.55,11.7,10000,21.2497,28.179,34.443,38.842,41.759,-0.0763,-0.0537,-0.0226,18.5185,26.9699,30.538,19.8336,11.86,11.93,12.0175,12.021,11.9151,11.9913,12.3757,12.0175,11.6593,0.3476,-161.2865,-81.4815,-0.25,2025-06-25 22:29:13.860000,2025-07-03 14:55:21.443333,Hikkake 陷阱,,,,偏空,,,,,接近支撐位,,,CCI超賣,WILLR超賣,,1.7000000000000002,0.5,,
725,9950,2025-06-24,11.95,11.95,11.6,11.85,26000,45.9754,44.5128,44.5303,45.0412,45.1926,-0.0758,-0.0581,-0.0177,50.0,34.6466,31.9075,40.1247,11.85,11.92,11.995,11.9927,11.9051,11.9809,12.3354,11.995,11.6546,0.3477,-71.6724,-70.3704,-0.1,2025-06-25 22:29:13.860000,2025-07-03 14:55:21.443333,上吊線,,,,偏空,,,,K上穿D,接近支撐位,,,,,,1.0,0.5,,
726,9950,2025-06-25,11.7,11.8,11.65,11.8,19000,40.6566,40.8958,42.1294,43.4598,44.2789,-0.0786,-0.0622,-0.0164,53.8462,41.0464,34.9538,53.2316,11.82,11.895,11.965,11.9627,11.8889,11.9675,12.2601,11.965,11.6699,0.3372,-90.5363,-74.0741,-0.25,2025-06-25 22:29:13.860000,2025-07-03 14:55:21.443333,短蠟燭,,,,偏空,,,,,接近支撐位,,,,,,0.0,0.5,,
15500,9950,2025-06-26,11.8,11.8,11.75,11.75,11010,35.52,37.3547,39.7482,41.8765,43.3585,-0.0838,-0.0665,-0.0173,46.1538,42.7489,37.5522,53.1423,11.78,11.855,11.9375,11.9402,11.8675,11.9514,12.2037,11.9375,11.6713,0.3167,-70.4935,-77.7778,-0.4,2025-07-02 18:19:05.063333,2025-07-03 14:55:21.443333,短蠟燭,,,,偏空,,,,,接近支撐位,,,,,,0.0,0.5,,
15501,9950,2025-06-27,11.8,11.8,11.7,11.7,11000,30.6755,33.9273,37.3994,40.2955,42.4324,-0.091,-0.0714,-0.0196,50.0,45.1659,40.0901,55.3176,11.76,11.83,11.9075,11.9235,11.8418,11.9327,12.1361,11.9075,11.6789,0.3012,-78.2235,-81.4815,-0.25,2025-07-02 18:19:05.066666,2025-07-03 14:55:21.446666,"捉腰帶線,光腳,長蠟燭,下跌光頭光腳",,,,偏空,,,,,接近支撐位,,,,WILLR超賣,,0.8,0.5,,
15502,9950,2025-06-30,11.55,11.7,11.5,11.7,11000,30.6755,33.9273,37.3994,40.2955,42.4324,-0.0956,-0.0762,-0.0193,50.0,46.7773,42.3192,55.6935,11.76,11.81,11.895,11.8993,11.82,11.9155,12.1397,11.895,11.6503,0.294,-113.6126,-81.4815,-0.2,2025-07-02 18:19:05.070000,2025-07-03 14:55:21.446666,"光頭,反擊線,頸內線,長蠟燭,頸上線",,,,偏空,,,,,接近支撐位,,,CCI超賣,WILLR超賣,,1.7000000000000002,0.5,,
15503,9950,2025-07-01,11.8,11.8,11.6,11.6,19000,21.5085,27.1468,32.6376,37.0509,40.5238,-0.106,-0.0822,-0.0238,30.0,41.1849,41.9411,39.6725,11.71,11.78,11.8825,11.8735,11.7861,11.8921,12.1587,11.8825,11.6063,0.2873,-98.8908,-88.8889,-0.3,2025-07-02 18:19:05.070000,2025-07-03 14:55:21.450000,"捉腰帶線,光腳,烏雲蓋頂,長蠟燭,下跌光頭光腳",,突破下軌,,偏空,,,,K下穿D,接近支撐位,,,,WILLR超賣,,1.8,1.5,,
15504,9950,2025-07-02,11.55,11.6,11.2,11.5,35000,15.659,22.014,28.5925,34.0945,38.6962,-0.121,-0.09,-0.031,40.0,40.7899,41.5573,39.255,11.65,11.735,11.855,11.8677,11.7421,11.8631,12.1663,11.855,11.5437,0.2953,-229.9881,-81.25,-0.45,2025-07-02 18:19:05.070000,2025-07-03 14:55:21.453333,,,突破下軌,,偏空,,,接近超賣,,接近支撐位,量能異常,,CCI超賣,WILLR超賣,,3.8,0.5,買入,多頭3.8分
15510,9950,2025-07-03,11.45,11.5,11.3,11.5,35700,15.659,22.014,28.5925,34.0945,38.6962,-0.1313,-0.0982,-0.0331,40.0,40.5266,41.2138,39.1523,11.6,11.69,11.8325,11.8785,11.7049,11.8362,12.1764,11.8325,11.4886,0.2885,-177.5681,-81.25,-0.45,2025-07-03 14:55:20.733333,2025-07-03 14:55:21.453333,,,,,偏空,,,接近超賣,,接近支撐位,,,CCI超賣,WILLR超賣,,2.1,0.5,,
